,SchoolNamePublicSchool201415,SchoolTypePublicSchool201415,MagnetSchoolPublicSchool201415,CharterSchoolPublicSchool201415,TitleIEligibleSchoolPublicSchool201415,LatitudePublicSchool201415,LongitudePublicSchool201415,TotalStudentsAllGradesExcludesAEPublicSchool201415,StudentTeacherRatio,Reduced Lunch,Free Lunch,Percent Lunch
0,A L Brown High,1,0,0,1,35.49633,-80.618593,1475,14.73,181.0,662.0,0.571525423729
1,Albemarle High,1,0,0,1,35.371268,-80.193152,464,13.39,39.0,288.0,0.70474137931
2,Alexander Central High,1,0,0,1,35.916796,-81.18888,1601,16.64,145.0,551.0,0.434728294816
3,Alleghany High,1,0,0,0,36.509471,-81.124986,454,13.16,45.0,205.0,0.550660792952
4,Andrews High,1,0,0,1,35.195186,-83.824323,273,16.95,30.0,128.0,0.578754578755
5,Anson Co. Early College High,1,0,0,1,34.9997,-80.210481,195,19.6,15.0,77.0,0.471794871795
6,Anson High School,1,0,0,1,34.97741,-80.103131,633,13.09,47.0,422.0,0.740916271722
7,Anson New Tech High,1,0,0,1,34.960669,-80.078198,165,21.71,14.0,94.0,0.654545454545
8,Apex High,1,0,0,0,35.745325,-78.837272,2549,19.31,50.0,176.0,0.0886622204786
9,Arapahoe Charter School,1,0,1,1,35.012253,-76.821202,470,17.0,47.0,203.0,0.531914893617
10,Ardrey Kell High,1,0,0,0,35.02999,-80.82665,2701,21.18,79.0,232.0,0.1151425398
11,Ashbrook High,1,0,0,1,35.243106,-81.127153,1436,16.06,119.0,718.0,0.58286908078
12,Ashe County High,1,0,0,1,36.392701,-81.477977,953,14.33,110.0,397.0,0.532004197272
13,Asheboro High,1,0,0,1,35.68929,-79.81842,1311,16.83,111.0,714.0,0.629290617849
14,Asheville High,1,0,0,1,35.572901,-82.553099,1089,11.85,49.0,378.0,0.392102846648
15,Athens Drive High,1,0,0,1,35.7687,-78.711273,1884,15.76,87.0,622.0,0.376326963907
16,Atkins Academic & Tech High,1,1,0,1,36.108034,-80.195887,603,15.01,38.0,154.0,0.318407960199
17,Avery High STEM Academy,1,0,0,1,36.067608,-81.919724,174,21.75,10.0,71.0,0.465517241379
18,Ayden-Grifton High,1,0,0,1,35.430252,-77.431952,689,15.99,48.0,339.0,0.561683599419
19,Bandys High,1,0,0,0,35.645263,-81.084386,872,17.07,56.0,236.0,0.334862385321
20,Bartlett Yancey High,1,0,0,1,36.403341,-79.32764,814,15.53,81.0,387.0,0.574938574939
22,Beaufort Co Early College High,1,0,0,1,35.532287,-76.966934,227,37.83,17.0,83.0,0.440528634361
23,Beddingfield High,1,0,0,1,35.65924,-77.876371,868,15.03,62.0,568.0,0.725806451613
24,Ben L. Smith High School,1,0,0,1,36.03474,-79.84735,1296,15.19,0.0,1283.0,0.989969135802
25,Bertie Early College High,1,0,0,1,36.034085,-77.013154,165,18.33,0.0,162.0,0.981818181818
26,Bertie High,1,0,0,1,36.050399,-76.972151,485,12.65,0.0,479.0,0.987628865979
27,Bertie STEM High,1,0,0,1,36.050399,-76.972151,132,15.1,0.0,0.0,0.0
28,Bessemer City High,1,0,0,1,35.29724,-81.281434,646,15.52,48.0,348.0,0.613003095975
29,Blue Ridge Early College,1,0,0,1,35.128613,-83.120512,177,16.43,16.0,94.0,0.621468926554
30,Brevard High,1,0,0,1,35.217205,-82.735576,725,13.14,45.0,244.0,0.398620689655
31,Brunswick County Early College,1,0,0,1,34.038129,-78.229837,341,28.68,27.0,98.0,0.366568914956
33,Bunker Hill High,1,0,0,1,35.74203,-81.11132,936,16.28,89.0,418.0,0.541666666667
34,Bunn High,1,0,0,1,35.954127,-78.249753,861,15.8,53.0,367.0,0.487804878049
35,Burns High,1,0,0,1,35.420092,-81.532265,1084,14.03,77.0,523.0,0.553505535055
36,Butler High,1,0,0,1,35.120282,-80.691593,2081,19.46,51.0,174.0,0.108121095627
37,C E Jordan High,1,0,0,1,35.922669,-78.962157,1848,17.18,85.0,679.0,0.41341991342
38,Cabarrus-Kannapolis Early Coll,1,0,0,1,35.43663,-80.659001,232,27.62,14.0,83.0,0.418103448276
39,Caldwell Career Cen Mid. Coll.,1,0,0,1,35.855556,-81.48522,240,12.94,29.0,69.0,0.408333333333
40,Caldwell Early College,1,0,0,0,35.853817,-81.483806,385,21.39,45.0,105.0,0.38961038961
41,Camden County High,1,0,0,0,36.32691,-76.171991,460,14.18,26.0,92.0,0.25652173913
43,Cape Fear High,1,0,0,1,35.034044,-78.762384,1535,16.38,115.0,562.0,0.441042345277
44,Cape Hatteras Secondary School,1,0,0,1,35.26931,-75.5343,303,10.38,33.0,126.0,0.524752475248
45,Career Academy and Technical School,1,0,0,0,35.71419,-80.887581,50,5.39,0.0,3.0,0.06
46,Carolina International School,1,0,1,0,35.41157,-80.737721,700,15.98,98.0,72.0,0.242857142857
47,Carrboro High,1,0,0,0,35.891723,-79.085455,825,14.51,24.0,123.0,0.178181818182
48,Carson High,1,0,0,1,35.563039,-80.545691,1231,17.31,82.0,414.0,0.402924451665
49,Carter G Woodson School,1,0,1,1,36.06738,-80.23116,438,223.47,7.0,382.0,0.888127853881
50,Carver High,1,0,0,1,36.134288,-80.206554,648,13.6,0.0,645.0,0.99537037037
51,Cary High,1,0,0,1,35.771138,-78.76633,2396,17.68,133.0,625.0,0.316360601002
52,CCCA - Fair Bluff /Southeastern Campuses,1,0,0,1,34.331954,-78.782393,278,26.05,16.0,119.0,0.485611510791
53,Cedar Ridge High,1,0,0,0,36.054083,-79.126208,1163,15.71,0.0,35.0,0.0300945829751
55,Central Cabarrus High,1,0,0,1,35.362718,-80.583852,1416,15.99,104.0,581.0,0.483757062147
56,Central Davidson High,1,0,0,1,35.739502,-80.223108,969,17.53,65.0,396.0,0.475748194014
57,Challenger Early College High,1,0,0,1,35.699458,-81.2881,368,26.29,43.0,124.0,0.453804347826
58,Chapel Hill High,1,0,0,0,35.946507,-79.080289,1439,15.74,32.0,270.0,0.209867963864
59,Charles B Aycock High,1,0,0,1,35.509148,-77.980071,1267,17.85,60.0,430.0,0.386740331492
60,Charlotte Learning Academy,1,0,1,1,35.18158,-80.864521,146,14.6,73.0,16.0,0.609589041096
61,Charlotte Secondary,1,0,1,1,35.15197,-80.748591,425,11.81,28.0,38.0,0.155294117647
62,Chase High School,1,0,0,1,35.25136,-81.843411,812,16.4,0.0,802.0,0.987684729064
63,Chatham Central High,1,0,0,0,35.61512,-79.390631,404,14.16,21.0,123.0,0.356435643564
64,Chatham Charter,1,0,1,0,35.742493,-79.479562,497,14.97,35.0,30.0,0.130784708249
65,Cherryville High,1,0,0,1,35.389682,-81.379896,554,14.37,54.0,229.0,0.51083032491
66,City of Medicine Academy,1,0,0,1,36.038838,-78.902553,321,13.66,22.0,143.0,0.514018691589
67,Clayton High,1,0,0,0,35.650024,-78.46642,1512,17.69,11.0,65.0,0.0502645502646
68,Cleveland ECHS,1,0,0,1,35.27757,-81.490361,223,32.94,29.0,103.0,0.591928251121
69,Cleveland High,1,0,0,0,35.551507,-78.500107,1468,18.26,73.0,327.0,0.272479564033
70,Clinton High,1,0,0,1,34.973848,-78.329093,848,15.99,57.0,455.0,0.603773584906
71,Clover Garden,1,0,1,1,36.187017,-79.471089,607,17.97,64.0,131.0,0.321252059308
72,Cochrane Collegiate Academy,1,0,0,1,35.246492,-80.750138,702,14.51,3.0,696.0,0.995726495726
73,Collaborative College for Technology,1,0,0,1,35.783453,-80.893121,240,25.32,20.0,60.0,0.333333333333
74,Columbia High,1,0,0,1,35.919076,-76.245535,167,9.86,15.0,85.0,0.59880239521
75,Community School of Davidson,1,0,1,0,35.50808,-80.849741,1327,14.61,42.0,28.0,0.0527505651846
76,Concord High,1,0,0,1,35.43365,-80.582182,1252,15.82,168.0,578.0,0.595846645367
77,Corinth Holders High,1,0,0,0,35.72476,-78.337811,1679,18.4,41.0,364.0,0.241215008934
78,Cox Mill High School,1,0,0,0,35.39507,-80.728611,1478,19.23,51.0,217.0,0.181326116373
79,Craven Early College High,1,0,0,1,35.111602,-77.102325,205,16.24,6.0,61.0,0.326829268293
80,Crest High,1,0,0,1,35.271571,-81.609854,1260,15.01,73.0,524.0,0.47380952381
81,Creswell High,1,0,0,1,35.868941,-76.395907,155,9.69,0.0,152.0,0.98064516129
82,Croatan High,1,0,0,0,34.748,-76.89549,904,15.69,50.0,168.0,0.241150442478
83,Cross Creek Early College,1,0,0,1,35.070959,-78.893585,247,16.47,27.0,105.0,0.534412955466
84,Williams Academy,1,0,1,1,36.0216,-81.9297,104,6.94,3.0,85.0,0.846153846154
86,CS Brown High,1,0,0,1,36.38755,-76.9331,43,7.17,0.0,40.0,0.93023255814
87,Cumberland International Early CollegeHS,1,0,0,1,35.071595,-78.894515,234,18.0,24.0,110.0,0.57264957265
88,Currituck County High,1,0,0,0,36.372527,-75.969111,972,14.62,59.0,233.0,0.300411522634
89,Cuthbertson High,1,0,0,0,34.97595,-80.740031,1449,20.81,35.0,112.0,0.101449275362
90,D H Conley High,1,0,0,0,35.530585,-77.324777,1644,18.46,65.0,472.0,0.326642335766
91,Dalton McMichael High,1,0,0,1,36.417552,-79.942671,985,17.74,0.0,969.0,0.983756345178
92,Davidson Early College,1,0,0,1,35.86879,-80.29662,107,24.43,11.0,45.0,0.523364485981
93,Davie County Early College High,1,0,0,1,35.870882,-80.55553,156,26.0,11.0,41.0,0.333333333333
94,Davie County High,1,0,0,1,35.873036,-80.552196,1799,16.89,108.0,517.0,0.347415230684
95,Discovery High School,1,0,0,1,35.67959,-81.222361,224,16.91,3.0,33.0,0.160714285714
96,Dixon High,1,0,0,0,34.587976,-77.478352,835,17.4,31.0,110.0,0.168862275449
97,Douglas Byrd High,1,0,0,1,35.030827,-78.948512,1189,14.09,85.0,815.0,0.756938603869
98,Duplin Early College High,1,0,0,1,34.946531,-77.978821,180,25.71,15.0,109.0,0.688888888889
99,Durham School of the Arts,1,1,0,1,36.003058,-78.90678,1650,15.59,97.0,539.0,0.385454545455
101,E E Smith High,1,0,0,1,35.084083,-78.895641,1064,15.03,94.0,662.0,0.710526315789
102,Early College at Guilford,1,0,0,0,36.095092,-79.890057,198,24.6,6.0,14.0,0.10101010101
103,Early College EAST High,1,0,0,0,34.878517,-76.898878,220,24.12,8.0,37.0,0.204545454545
104,Early College of Forsyth Co,1,0,0,0,36.068835,-80.271743,211,23.44,0.0,0.0,0.0
105,East Bladen High,1,0,0,1,34.581079,-78.530675,646,14.32,0.0,643.0,0.995356037152
106,East Burke High,1,0,0,1,35.721566,-81.482113,991,17.42,151.0,337.0,0.492431886983
107,East Carteret High,1,0,0,1,34.78169,-76.631261,596,13.9,26.0,207.0,0.390939597315
108,East Chapel Hill High,1,0,0,0,35.961012,-79.029733,1411,16.47,39.0,243.0,0.199858256556
109,East Columbus High,1,0,0,1,34.335906,-78.501626,465,14.09,22.0,235.0,0.552688172043
110,East Davidson High,1,0,0,1,35.850167,-80.101925,958,17.26,56.0,327.0,0.399791231733
111,East Duplin High,1,0,0,1,34.939216,-77.784213,995,18.14,57.0,484.0,0.543718592965
112,East Forsyth High,1,0,0,1,36.117527,-80.150532,1899,18.14,96.0,578.0,0.354923644023
113,East Gaston High,1,0,0,0,35.315441,-81.075626,1122,16.67,78.0,402.0,0.427807486631
114,East Henderson High,1,0,0,1,35.297618,-82.42402,936,14.64,70.0,401.0,0.503205128205
115,East Lincoln High,1,0,0,0,35.454121,-81.025771,924,18.09,57.0,236.0,0.3170995671
116,East Mecklenburg High,1,0,0,1,35.176007,-80.757978,1840,16.52,104.0,960.0,0.578260869565
117,East Montgomery High,1,0,0,1,35.339379,-79.777223,632,14.58,59.0,364.0,0.669303797468
118,East Rowan High,1,0,0,1,35.593432,-80.423361,1055,16.28,87.0,363.0,0.42654028436
119,East Rutherford High School,1,0,0,1,35.340594,-81.818253,714,14.76,0.0,711.0,0.995798319328
120,East Surry High,1,0,0,1,36.394408,-80.477896,641,15.35,54.0,225.0,0.435257410296
121,East Wake Academy,1,0,1,1,35.831971,-78.30658,1139,15.65,92.0,94.0,0.163301141352
126,East Wilkes High,1,0,0,0,36.226446,-80.927589,548,16.53,0.0,540.0,0.985401459854
127,Eastern Alamance High,1,0,0,1,36.113804,-79.301732,1256,18.97,54.0,412.0,0.37101910828
128,Eastern Guilford High,1,0,0,1,36.093333,-79.615268,1168,15.88,74.0,667.0,0.634417808219
129,Eastern Randolph High,1,0,0,1,35.755283,-79.616972,821,16.6,61.0,417.0,0.58221680877
130,Eastern Wayne High,1,0,0,1,35.377732,-77.88054,1051,15.01,71.0,449.0,0.494766888677
131,Edgecombe Early College High,1,0,0,0,35.87944,-77.57225,154,19.25,16.0,38.0,0.350649350649
132,Elkin High,1,0,0,1,36.249551,-80.858991,393,13.25,26.0,108.0,0.34096692112
133,Emsley A Laney High,1,0,0,1,34.298668,-77.872454,2141,18.17,133.0,791.0,0.431574030827
134,Enka High,1,0,0,1,35.529711,-82.665806,1237,17.07,110.0,500.0,0.493128536783
135,Erwin High,1,0,0,1,35.619534,-82.626405,1328,16.65,119.0,678.0,0.60015060241
136,Eugene Ashley High,1,0,0,1,34.10015,-77.911351,1874,18.86,145.0,677.0,0.4386339381
137,Fairmont High,1,0,0,1,34.472385,-79.101855,744,13.88,0.0,741.0,0.995967741935
138,Farmville Central High,1,0,0,1,35.593868,-77.568892,786,15.76,64.0,401.0,0.591603053435
139,Fike High,1,0,0,1,35.752893,-77.922225,1310,18.52,56.0,545.0,0.458778625954
140,First Flight High School,1,0,0,0,36.008836,-75.666492,807,13.85,40.0,165.0,0.254027261462
141,Flemington Academy,1,0,1,1,34.320714,-78.524991,74,6.03,0.0,69.0,0.932432432432
142,Forbush High,1,0,0,1,36.14135,-80.55634,904,15.4,57.0,295.0,0.389380530973
143,Forest Hills High,1,0,0,1,34.979287,-80.413314,937,14.86,91.0,549.0,0.68303094984
144,Forestview High,1,0,0,0,35.183439,-81.135602,1143,17.94,48.0,383.0,0.377077865267
145,Franklin Academy,1,0,1,0,35.95565,-78.487311,1639,15.08,0.0,408.0,0.248932275778
146,Franklin County Early College,1,0,0,0,36.086177,-78.330658,172,28.67,14.0,64.0,0.453488372093
148,Franklinton High,1,0,0,0,36.06962,-78.436031,1008,17.85,74.0,412.0,0.482142857143
149,Fred T Foard High,1,0,0,1,35.617507,-81.371066,1025,17.08,58.0,286.0,0.335609756098
150,Freedom High,1,0,0,1,35.745194,-81.720672,1178,17.98,212.0,1413.0,1.37945670628
151,Fuquay-Varina High,1,0,0,0,35.597889,-78.797234,2117,18.57,108.0,533.0,0.302786962683
152,Garinger High,1,0,0,1,35.241104,-80.782811,1748,16.49,0.0,1745.0,0.99828375286
153,Garner High,1,1,0,1,35.710798,-78.63516,2650,18.16,202.0,957.0,0.437358490566
154,Gaston College Preparatory,1,0,1,1,36.504587,-77.639204,1046,16.92,173.0,582.0,0.721797323136
155,Gaston Early College High School,1,0,0,1,35.311484,-81.189418,170,20.61,16.0,57.0,0.429411764706
156,Gates County Senior High,1,0,0,1,36.447458,-76.704504,539,12.07,61.0,192.0,0.469387755102
157,Goldsboro High,1,0,0,1,35.386752,-77.979992,545,13.97,0.0,521.0,0.955963302752
158,Graham High,1,0,0,1,36.07669,-79.38077,804,16.58,42.0,171.0,0.264925373134
159,Granville Central High,1,0,0,1,36.207623,-78.687185,569,15.73,42.0,270.0,0.548330404218
160,Granville Early College High,1,0,0,1,36.1417,-78.721306,218,31.14,21.0,64.0,0.389908256881
162,Gray Stone Day,1,0,1,0,35.48351,-80.27634,411,14.17,6.0,8.0,0.0340632603406
163,Green Hope High,1,0,0,0,35.804992,-78.867007,2380,19.75,44.0,123.0,0.0701680672269
164,Greene Central High,1,0,0,1,35.479919,-77.670315,900,14.89,49.0,539.0,0.653333333333
165,Greene Early College High,1,0,0,1,35.475863,-77.670521,157,20.93,13.0,94.0,0.68152866242
166,Grimsley High,1,0,0,1,36.084338,-79.815997,1719,18.84,70.0,600.0,0.389761489238
167,GTCC Middle College High,1,0,0,1,35.998253,-79.918162,187,12.9,12.0,64.0,0.406417112299
168,Haliwa-Saponi Tribal School,1,0,1,1,36.251895,-77.981367,192,11.67,0.0,0.0,0.0
169,Harding University High,1,1,0,1,35.236952,-80.902359,1747,17.98,0.0,1738.0,0.994848311391
170,Harnett Central High,1,0,0,1,35.463493,-78.77991,1541,17.45,122.0,645.0,0.497728747567
171,Havelock High,1,0,0,1,34.880481,-76.893569,1119,15.87,110.0,350.0,0.411081322609
172,Hawthorne High,1,0,0,1,35.29507,-80.795681,135,7.06,0.0,127.0,0.940740740741
173,Hayesville High,1,0,0,1,35.040513,-83.813602,383,12.3,29.0,145.0,0.454308093995
174,Haywood Early College,1,0,0,1,35.526397,-82.927756,156,26.0,15.0,65.0,0.512820512821
175,Heide Trask High,1,0,0,1,34.437792,-77.89253,685,14.42,61.0,369.0,0.627737226277
176,Henderson County Early College,1,0,0,1,35.307269,-82.422577,202,33.67,27.0,82.0,0.539603960396
177,Hendersonville High,1,0,0,1,35.321409,-82.464217,770,16.77,39.0,247.0,0.371428571429
178,Heritage High,1,0,0,0,35.94014,-78.511001,1910,17.77,57.0,202.0,0.135602094241
179,Hertford Co Early College,1,0,0,1,36.32384,-77.019391,127,18.14,0.0,124.0,0.976377952756
180,Hertford County High,1,0,0,1,36.296584,-76.998176,703,15.56,0.0,700.0,0.99573257468
181,Hibriten High,1,0,0,1,35.92551,-81.493751,824,13.19,61.0,369.0,0.521844660194
182,Hickory High,1,0,0,1,35.749647,-81.331794,1018,15.39,50.0,430.0,0.471512770138
183,Hickory Ridge High,1,0,0,0,35.307787,-80.634948,1573,20.37,56.0,254.0,0.197075651621
184,High Point Central High,1,1,0,1,35.95795,-80.02312,1454,16.9,54.0,826.0,0.60522696011
185,Highland Sch of Technology,1,1,0,0,35.280405,-81.190733,555,13.79,36.0,131.0,0.300900900901
187,Hillside High,1,0,0,1,35.953277,-78.903598,1318,14.4,86.0,729.0,0.618361153263
188,Hillside New Tech High,1,0,0,1,35.953277,-78.903598,273,15.17,28.0,124.0,0.556776556777
189,Hiwassee Dam High,1,0,0,1,35.103859,-84.22365,203,12.76,29.0,86.0,0.566502463054
190,Hobbton High,1,0,0,1,35.17781,-78.32837,557,15.8,57.0,311.0,0.660682226212
191,Hoke County High,1,0,0,1,34.972957,-79.234343,1972,15.73,125.0,1035.0,0.588235294118
192,Holly Springs High,1,0,0,0,35.6289,-78.848821,2418,19.67,85.0,316.0,0.165839536807
193,Hopewell High,1,0,0,1,35.378392,-80.911004,1653,18.85,117.0,634.0,0.454325468845
195,Hugh M Cummings High,1,0,0,1,36.088669,-79.396442,932,17.73,60.0,705.0,0.820815450644
196,Hunter Huss High,1,0,0,1,35.240637,-81.206875,1148,17.03,102.0,778.0,0.766550522648
197,Independence High,1,0,0,1,35.197168,-80.687432,2349,18.24,14.0,188.0,0.085994040017
198,Invest Collegiate - Imagine,1,0,1,0,35.525,-82.606561,342,15.57,22.0,25.0,0.137426900585
200,J D Clement Early College HS,1,0,0,1,35.97467,-78.898051,352,24.28,35.0,166.0,0.571022727273
201,J F Kennedy High,4,1,0,1,36.10675,-80.234701,344,7.55,26.0,272.0,0.866279069767
202,J. F. Webb High,1,0,0,1,36.3436,-78.604437,615,15.14,42.0,341.0,0.622764227642
203,Jack Britt High,1,0,0,0,34.977498,-79.011098,1941,17.56,139.0,414.0,0.284904688305
204,Jackson Co Early College,1,0,0,1,35.347264,-83.20444,145,35.37,20.0,41.0,0.420689655172
205,Jacksonville High,1,0,0,1,34.783917,-77.427045,1218,17.53,61.0,393.0,0.372742200328
206,James B Dudley High,1,0,0,1,36.060828,-79.763503,1418,15.52,0.0,1396.0,0.984485190409
207,James Hunt High,1,0,0,0,35.722528,-77.998967,1375,17.73,85.0,541.0,0.455272727273
208,James Kenan High,1,0,0,1,34.984522,-78.043144,728,17.4,45.0,461.0,0.695054945055
209,Jay M Robinson High,1,0,0,1,35.362979,-80.661366,1339,15.54,73.0,505.0,0.431665421957
210,JF Webb HS Of Health And Life Sciences,1,0,0,0,36.33791,-78.597163,304,27.64,11.0,66.0,0.253289473684
211,Jimmy C Draughn High School,1,0,0,1,35.76707,-81.544041,722,16.77,97.0,218.0,0.436288088643
212,John A Holmes High,1,0,0,1,36.066548,-76.604733,659,14.5,47.0,340.0,0.587253414264
213,John M Morehead High,1,0,0,1,36.504629,-79.735354,940,18.02,0.0,937.0,0.996808510638
214,John T Hoggard High,1,0,0,0,34.199614,-77.892867,1786,18.9,85.0,422.0,0.283874580067
215,Johnston Co Early College Academy,1,0,0,0,35.504134,-78.330645,244,26.38,7.0,104.0,0.454918032787
216,Jones Senior High,1,0,0,1,35.05422,-77.48236,333,12.11,0.0,325.0,0.975975975976
217,Jordan Matthews High,1,0,0,1,35.7239,-79.45243,765,13.78,50.0,473.0,0.683660130719
218,Junius H Rose High,1,0,0,1,35.593934,-77.384236,1440,15.96,51.0,686.0,0.511805555556
220,Kestrel Heights School,1,0,1,0,35.89831,-78.890451,1015,15.53,10.0,56.0,0.0650246305419
221,Kings Mountain High,1,0,0,1,35.234417,-81.369876,1272,14.65,80.0,534.0,0.482704402516
222,Kinston High,1,0,0,1,35.295853,-77.575265,854,15.53,0.0,842.0,0.985948477752
223,Knightdale High,1,0,0,1,35.81085,-78.476188,1672,16.73,181.0,754.0,0.559210526316
224,Lake Lure Classical Academy,1,0,1,1,35.43069,-82.222451,372,12.4,29.0,34.0,0.16935483871
225,Lake Norman Charter,1,0,1,0,35.388475,-80.834755,1600,17.51,23.0,27.0,0.03125
226,Lake Norman High,1,0,0,0,35.59827,-80.903811,1865,21.07,43.0,140.0,0.0981233243968
227,Lakewood High,1,0,0,1,34.990911,-78.501924,516,13.79,463.0,1291.0,3.3992248062
228,Ledford Senior High,1,0,0,0,35.962253,-80.134033,1255,18.83,65.0,339.0,0.321912350598
229,Lee County High,1,0,0,1,35.467494,-79.148203,1493,15.92,81.0,689.0,0.515740120563
230,Lee Early College,1,0,0,1,35.471218,-79.1439,288,24.0,18.0,130.0,0.513888888889
231,Leesville Road High,1,0,0,0,35.890123,-78.717862,2281,18.68,83.0,392.0,0.208241999123
232,Lenoir County Early College High,1,0,0,0,35.221912,-77.576093,200,20.51,0.0,197.0,0.985
233,Lexington Senior High,1,0,0,1,35.832158,-80.248463,781,14.74,33.0,530.0,0.720870678617
234,Lincoln Charter School,1,0,1,0,35.48588,-80.998131,1790,16.77,129.0,186.0,0.175977653631
235,Lincolnton High,1,0,0,1,35.47947,-81.260091,887,15.44,89.0,474.0,0.63472378805
236,Longleaf School of the Arts,1,0,1,0,35.77855,-78.635371,221,12.14,5.0,3.0,0.0361990950226
237,Louisburg High,1,0,0,1,36.11111,-78.29934,553,12.97,28.0,85.0,0.204339963834
238,Lucy Ragsdale High,1,0,0,1,35.994623,-79.916637,1441,16.85,70.0,593.0,0.460097154754
239,Lumberton Senior High,1,0,0,1,34.646905,-78.998779,2108,15.36,0.0,2072.0,0.982922201139
240,Madison Early College High,1,0,0,1,35.83564,-82.552361,213,25.06,11.0,67.0,0.366197183099
242,Maiden High,1,0,0,1,35.58072,-81.226541,877,16.26,64.0,324.0,0.442417331813
243,Mallard Creek High,1,0,0,1,35.36372,-80.769041,2472,20.05,195.0,914.0,0.448624595469
244,Manteo High School,1,0,0,1,35.91673,-75.673531,466,12.21,49.0,153.0,0.43347639485
245,Marvin Ridge High,1,0,0,0,34.973992,-80.795871,1573,19.96,3.0,33.0,0.0228862047044
246,Massey Hill Classical High,1,0,0,0,35.031037,-78.895077,341,15.99,27.0,66.0,0.272727272727
247,Mattamuskeet Early College High,1,0,0,1,35.441381,-76.218225,231,10.59,0.0,227.0,0.982683982684
248,Mayland Early College,1,0,0,1,35.932982,-82.01632,102,17.5,13.0,57.0,0.686274509804
249,McDowell Early College,1,0,0,1,35.656553,-81.960773,212,19.27,18.0,56.0,0.349056603774
250,McDowell High,1,0,0,1,35.695914,-82.03497,1680,16.08,126.0,745.0,0.518452380952
251,Military and Global Leadership Academy,1,1,0,1,35.202326,-80.876847,642,12.75,0.0,639.0,0.995327102804
252,Middle College at GTCC-GSO,1,0,0,1,36.087797,-79.731589,137,15.01,8.0,61.0,0.503649635036
253,Middle College GTCC High Point,1,0,0,1,35.946413,-80.002784,127,12.54,12.0,59.0,0.55905511811
255,Middle College High at Bennett,1,0,0,1,36.06635,-79.780411,115,11.15,0.0,112.0,0.973913043478
256,Middle Creek High,1,0,0,0,35.667342,-78.760262,2249,18.74,85.0,555.0,0.284570920409
257,Midway High,1,0,0,1,35.175373,-78.478913,715,15.56,9.0,68.0,0.107692307692
258,Millbrook High,1,1,0,0,35.8658,-78.603069,2571,17.73,112.0,681.0,0.308440295605
259,Mitchell High,1,0,0,1,35.97236,-82.118481,551,13.03,50.0,205.0,0.46279491833
260,Monroe High,1,0,0,1,34.97392,-80.5268,1009,14.4,74.0,764.0,0.830525272547
261,Mooresville Senior High,1,0,0,0,35.577956,-80.801473,1787,22.76,123.0,423.0,0.305540011192
262,Mount Airy High,1,0,0,1,36.514304,-80.61531,534,13.52,21.0,195.0,0.404494382022
263,Mount Pleasant High,1,0,0,1,35.40782,-80.48236,831,14.89,51.0,598.0,0.780986762936
264,Mount Tabor High School,1,0,0,1,36.126906,-80.313483,1532,18.89,52.0,545.0,0.389686684073
265,Mountain Heritage High,1,0,0,1,35.907987,-82.333572,671,12.37,76.0,229.0,0.454545454545
266,Murphy High,1,0,0,1,35.100517,-84.01637,449,14.7,52.0,200.0,0.561247216036
267,Myers Park High,1,0,0,0,35.170784,-80.833367,2762,19.05,51.0,798.0,0.307385952209
268,Nantahala School,1,0,0,1,35.253472,-83.634187,96,7.17,20.0,54.0,0.770833333333
269,Nash Central High,1,0,0,1,35.955821,-77.898118,1039,17.97,87.0,535.0,0.598652550529
270,Needham Broughton High,1,1,0,1,35.79033,-78.652312,2112,16.65,79.0,682.0,0.360321969697
271,Neuse Charter School,1,0,1,1,35.530712,-78.320942,764,13.82,195.0,0.0,0.255235602094
272,New Bern High,1,0,0,1,35.100523,-77.115501,1697,16.97,105.0,671.0,0.457277548615
273,New Hanover High,1,0,0,1,34.237374,-77.932373,1695,16.15,105.0,790.0,0.52802359882
274,Newton-Conover High,1,0,0,1,35.67848,-81.225066,811,15.06,78.0,385.0,0.570900123305
275,North Brunswick High,1,0,0,1,34.24053,-78.024524,1048,15.63,86.0,464.0,0.524809160305
276,North Buncombe High,1,0,0,1,35.739711,-82.557604,1115,17.64,92.0,349.0,0.395515695067
277,North Davidson High,1,0,0,0,35.924514,-80.248503,1523,17.34,75.0,360.0,0.285620485883
278,North Duplin Jr Sr High,1,0,0,1,35.134496,-78.085798,528,17.03,49.0,230.0,0.528409090909
279,North East Carolina Prep,1,0,1,1,35.891794,-77.58057,1306,15.46,104.0,610.0,0.546707503828
280,North Edgecombe High,1,0,0,1,35.989362,-77.581588,244,10.4,0.0,241.0,0.987704918033
281,North Forsyth High,1,0,0,1,36.174711,-80.282343,1244,15.57,84.0,789.0,0.701768488746
282,North Gaston High,1,0,0,1,35.334439,-81.177503,1095,18.0,87.0,510.0,0.545205479452
283,North Henderson High,1,0,0,1,35.360987,-82.422323,1089,16.08,81.0,482.0,0.516988062443
284,North Iredell High,1,0,0,1,35.93,-80.86935,1176,17.99,103.0,358.0,0.392006802721
285,North Johnston High,1,0,0,1,35.57099,-78.184379,751,13.89,57.0,293.0,0.466045272969
286,North Lenoir High,1,0,0,0,35.341711,-77.679325,933,16.09,0.0,925.0,0.99142550911
287,North Lincoln High,1,0,0,0,35.533586,-81.119675,974,17.49,61.0,219.0,0.287474332649
288,North Mecklenburg High,1,0,0,1,35.372678,-80.834877,1881,18.46,119.0,963.0,0.575225943647
289,North Moore High,1,0,0,1,35.46759,-79.553741,640,17.17,37.0,275.0,0.4875
290,North Pitt High,1,0,0,1,35.747502,-77.36312,917,16.0,30.0,554.0,0.636859323882
291,North Rowan High,1,0,0,1,35.697467,-80.429741,698,14.1,75.0,402.0,0.683381088825
292,North Stanly High,1,0,0,1,35.427101,-80.212112,593,13.52,60.0,204.0,0.445193929174
293,North Stokes High,1,0,0,1,36.464788,-80.280069,432,12.56,36.0,163.0,0.460648148148
294,North Surry High,1,0,0,1,36.505243,-80.673278,910,16.28,91.0,407.0,0.547252747253
295,North Wilkes High,1,0,0,1,36.282614,-81.098724,736,16.36,0.0,723.0,0.982336956522
296,Northampton County High School,1,0,0,1,36.427675,-77.316466,524,13.24,0.0,516.0,0.984732824427
297,Northeast Guilford High,1,0,0,1,36.15857,-79.673037,1047,15.62,98.0,602.0,0.668576886342
298,Northeast Regional School - Biotech/Agri,3,0,1,0,35.810041,-76.897289,165,15.67,13.0,53.0,0.4
299,Northeastern High,1,0,0,1,36.288058,-76.252967,849,14.84,85.0,388.0,0.557126030624
300,Northern Guilford High,1,0,0,0,36.208981,-79.807032,1367,19.55,37.0,196.0,0.170446232626
301,Northern High,1,0,0,1,36.094068,-78.912479,1448,17.26,25.0,153.0,0.122928176796
302,Northern Nash High,1,0,0,1,35.998742,-77.891468,1119,18.37,106.0,442.0,0.489722966935
303,Northern Vance High,1,0,0,1,36.34989,-78.37854,925,15.16,0.0,922.0,0.996756756757
306,Northwest Cabarrus High,1,0,0,1,35.453406,-80.665407,1198,16.47,78.0,451.0,0.441569282137
307,Northwest Guilford High,1,0,0,0,36.154647,-79.953124,1983,20.35,42.0,217.0,0.130610186586
308,Northwest Halifax High,1,0,0,1,36.386845,-77.789656,468,13.03,0.0,456.0,0.974358974359
309,Northwest School of the Arts,1,1,0,1,35.257129,-80.856677,1019,17.27,61.0,364.0,0.417075564279
310,Northwood High,1,0,0,0,35.756814,-79.173374,1284,17.02,42.0,105.0,0.114485981308
311,NRM Early College High School,1,0,0,1,35.977713,-77.898834,251,24.49,20.0,93.0,0.450199203187
312,Ocracoke School,1,0,0,1,35.112153,-75.978434,160,8.0,0.0,0.0,0.0
313,Olympic High - Biotech Health Pub Admin,1,0,0,1,35.158257,-80.952964,521,19.67,51.0,251.0,0.579654510557
314,Olympic TEAM High School,1,0,0,1,35.158257,-80.952964,150,12.0,18.0,73.0,0.606666666667
315,Olympic High - Renaissance School,1,0,0,1,35.15786,-80.952408,548,18.93,44.0,215.0,0.472627737226
316,Olympic High-Leadership and Development,1,0,0,1,35.158257,-80.952964,608,18.22,66.0,305.0,0.610197368421
317,Olympic High-Math Eng Tech Science,1,0,0,1,35.158257,-80.952964,607,21.48,40.0,177.0,0.357495881384
318,Orange High,1,0,0,0,36.09287,-79.094704,1305,16.42,131.0,1273.0,1.07586206897
319,Overhills High,1,0,0,1,35.24539,-78.970331,1840,20.55,204.0,643.0,0.460326086957
320,Owen High,1,0,0,1,35.618887,-82.373743,779,14.83,74.0,304.0,0.485237483954
321,PACE Academy,1,0,1,1,35.90843,-79.089971,111,11.1,3.0,20.0,0.207207207207
322,Page High,1,0,0,1,36.109396,-79.78507,2067,20.9,91.0,875.0,0.467343976778
323,Paisley IB Magnet School,1,1,0,1,36.113253,-80.260151,770,15.02,33.0,411.0,0.576623376623
324,Pamlico County High,1,0,0,1,35.142568,-76.779219,475,11.54,0.0,472.0,0.993684210526
325,Panther Creek High,1,0,0,0,35.830904,-78.88912,2893,20.59,88.0,253.0,0.117870722433
326,Parkland High,1,0,0,1,36.057008,-80.257067,1359,16.04,79.0,913.0,0.729948491538
327,Parkwood High,1,0,0,1,34.902136,-80.631876,1006,17.5,80.0,297.0,0.374751491054
328,Pasquotank County High,1,0,0,1,36.364359,-76.275388,773,15.82,77.0,362.0,0.567917205692
329,Pender Early College High,1,0,0,1,34.54374,-77.922781,226,18.83,18.0,81.0,0.438053097345
330,Pender High,1,0,0,1,34.545859,-78.012328,642,16.17,50.0,388.0,0.682242990654
331,Penn-Griffin Schools,1,1,0,1,35.963725,-79.996448,697,13.95,44.0,373.0,0.598278335725
334,Perquimans County High,1,0,0,1,36.184421,-76.474364,521,13.4,54.0,229.0,0.543186180422
335,Person High,1,0,0,1,36.411139,-78.981009,1351,15.96,89.0,623.0,0.527017024426
336,Philip J Weaver Ed Center,1,0,0,0,36.070205,-79.798371,268,6.06,7.0,30.0,0.138059701493
337,Phillip O Berry Academy of Technology,1,1,0,1,35.239231,-80.891683,1714,19.22,164.0,973.0,0.663360560093
338,Piedmont Community Charter School,1,0,1,1,35.23658,-81.115131,1225,16.64,0.0,110.0,0.0897959183673
339,Piedmont High,1,0,0,0,35.095526,-80.491614,1244,18.88,48.0,234.0,0.226688102894
340,Pine Forest High,1,0,0,1,35.154703,-78.886659,1589,17.12,137.0,736.0,0.549402139711
341,Pine Lake Preparatory,1,0,1,0,35.53541,-80.846326,1678,16.57,0.0,0.0,0.0
342,Pinecrest High,1,0,0,0,35.184846,-79.434589,2149,20.17,97.0,610.0,0.328990228013
343,Pisgah High,1,0,0,1,35.521533,-82.841645,1013,15.07,64.0,389.0,0.447186574531
344,Plymouth High,1,0,0,1,35.870311,-76.738687,359,13.3,34.0,132.0,0.462395543175
345,Polk County Early College,1,0,0,1,35.265258,-82.185298,63,19.38,5.0,21.0,0.412698412698
346,Polk County High School,1,0,0,1,35.265613,-82.18517,669,12.39,52.0,234.0,0.427503736921
347,Porter Ridge High School,1,0,0,0,35.090563,-80.573888,1591,20.4,91.0,382.0,0.297297297297
348,Princeton High,1,0,0,1,35.46805,-78.157301,960,15.19,65.0,416.0,0.501041666667
349,Providence Grove High,1,0,0,1,35.850226,-79.713626,824,16.16,47.0,275.0,0.390776699029
350,Providence High,1,0,0,0,35.110344,-80.763887,1991,21.02,40.0,160.0,0.100452034154
351,PSRC Early College at RCC,1,0,0,1,34.675854,-79.007431,198,17.07,0.0,0.0,0.0
352,Purnell Swett High,1,0,0,1,34.696479,-79.245787,1799,18.9,0.0,1796.0,0.998332406893
353,Quality Education Academy,1,0,1,1,36.15115,-80.21101,478,17.75,0.0,470.0,0.983263598326
354,Queen's Grant Community School,1,0,1,1,35.16588,-80.662061,1213,17.45,48.0,161.0,0.17230008244
355,R J Reynolds High,1,0,0,1,36.10163,-80.265309,1828,20.19,80.0,759.0,0.458971553611
356,R-S Central High School,1,0,0,1,35.328801,-81.952721,885,14.84,0.0,881.0,0.995480225989
357,Raleigh Charter High School,1,0,1,0,35.79605,-78.647481,559,13.36,0.0,0.0,0.0
358,Randleman High,1,0,0,1,35.82439,-79.82275,957,17.13,69.0,460.0,0.55276907001
359,Randolph Early College High,1,0,0,1,35.67276,-79.828523,312,26.0,21.0,108.0,0.413461538462
360,Red Springs High,1,0,0,1,34.822956,-79.185736,761,15.5,0.0,756.0,0.993429697766
361,Reid Ross Classical High,1,0,0,1,35.102386,-78.876699,320,7.21,36.0,138.0,0.54375
362,Reidsville High,1,0,0,1,36.329706,-79.675473,785,13.92,0.0,775.0,0.987261146497
363,Reynolds High,1,0,0,1,35.546793,-82.477085,1348,17.1,109.0,448.0,0.413204747774
365,Richmond Early College High,1,0,0,1,34.902622,-79.712861,214,21.4,12.0,100.0,0.523364485981
366,Richmond Senior High,1,0,0,1,34.95605,-79.704291,1436,17.07,106.0,785.0,0.620473537604
367,River Mill Academy,1,0,1,1,36.04391,-79.393922,666,18.59,31.0,123.0,0.231231231231
369,Roanoke Valley Early College,1,0,0,1,36.42703,-77.615101,183,22.88,0.0,180.0,0.983606557377
370,Robbinsville High,1,0,0,1,35.329376,-83.797033,381,12.59,41.0,171.0,0.556430446194
371,Roberson High,1,0,0,1,35.485946,-82.535064,1591,16.93,83.0,493.0,0.36203645506
372,Robert B Glenn High School,1,0,0,1,36.067836,-80.113797,1640,17.52,84.0,735.0,0.499390243902
373,Robert L. Patton High School,1,0,0,1,35.702947,-81.669989,1017,19.06,113.0,348.0,0.453294001967
374,Rockingham Co Early College High,1,0,0,1,36.397037,-79.765214,309,24.72,0.0,306.0,0.990291262136
375,Rockingham County High,1,0,0,1,36.385825,-79.740072,1082,17.9,0.0,1068.0,0.987060998152
376,Rocky Mount High,1,0,0,1,35.93903,-77.834861,1280,17.95,82.0,760.0,0.6578125
377,Rocky Mount Preparatory,1,0,1,1,36.015609,-77.779184,1278,22.62,166.0,751.0,0.717527386541
378,Rocky River High,1,0,0,1,35.214252,-80.640044,1710,18.99,143.0,972.0,0.652046783626
379,Rolesville High,1,0,0,1,35.906782,-78.442129,1200,17.27,97.0,421.0,0.431666666667
380,Ronald W Reagan High School,1,0,0,0,36.170305,-80.365156,1818,19.88,43.0,250.0,0.161166116612
381,Rosewood High,1,0,0,1,35.416395,-78.07578,541,15.53,34.0,166.0,0.369685767098
382,Rosman High,1,0,0,1,35.143267,-82.820547,356,12.12,39.0,155.0,0.544943820225
383,Rowan Co Early College,1,0,0,1,35.641639,-80.477842,225,30.0,24.0,116.0,0.622222222222
384,Roxboro Community School,1,0,1,1,36.392617,-78.979302,704,14.98,5.0,52.0,0.0809659090909
385,Rutherford Early College High School,1,0,0,1,35.35818,-81.92497,169,28.17,0.0,166.0,0.98224852071
388,Saint Pauls High,1,0,0,1,34.8122,-78.9773,957,15.41,0.0,942.0,0.984326018809
389,Saint Stephens High,1,0,0,1,35.772116,-81.269091,1257,17.66,88.0,489.0,0.459029435163
390,Salisbury High,1,0,0,1,35.664761,-80.484917,813,14.07,23.0,67.0,0.110701107011
391,Sampson Early College High,1,0,0,1,34.990867,-78.358889,246,23.43,21.0,134.0,0.630081300813
392,Sanderson High,1,0,0,0,35.861057,-78.647282,2002,18.02,85.0,585.0,0.334665334665
393,SandHoke Early College High,1,0,0,1,34.97656,-79.205471,318,28.91,29.0,128.0,0.493710691824
394,School of Inquiry and Life Sciences,1,0,0,0,35.572668,-82.552301,299,21.01,9.0,55.0,0.214046822742
395,Scotland Early College High,1,0,0,1,34.74368,-79.480121,217,27.13,0.0,214.0,0.986175115207
396,Scotland High School,1,0,0,1,34.778916,-79.47741,1581,16.73,0.0,1578.0,0.998102466793
397,Seventy-First High,1,0,0,1,35.039171,-79.005464,1635,17.05,129.0,881.0,0.617737003058
398,Shelby High,1,0,0,1,35.274469,-81.538391,829,12.66,45.0,459.0,0.607961399276
399,Smithfield-Selma High,1,0,0,1,35.529436,-78.323643,1249,14.88,56.0,770.0,0.661329063251
400,Smoky Mountain High,1,0,0,1,35.353092,-83.19837,839,14.64,76.0,306.0,0.455303933254
401,South Brunswick High,1,0,0,1,34.011259,-78.042734,1098,15.45,64.0,384.0,0.408014571949
402,South Caldwell High,1,0,0,1,35.821653,-81.450794,1618,15.22,153.0,534.0,0.424598269468
403,South Central High,1,0,0,1,35.5411,-77.42859,1628,17.51,65.0,675.0,0.454545454545
404,South Columbus High,1,0,0,1,34.1732,-78.814931,785,18.26,33.0,341.0,0.476433121019
405,South Creek High,1,0,0,1,35.856714,-77.243489,323,10.68,0.0,320.0,0.990712074303
406,South Davidson High,1,0,0,1,35.67292,-80.104271,439,13.97,28.0,196.0,0.510250569476
407,South Iredell High,1,0,0,0,35.717305,-80.909988,1505,16.19,105.0,285.0,0.259136212625
408,South Johnston High,1,0,0,1,35.410114,-78.50083,1200,15.56,44.0,523.0,0.4725
409,South Lenoir High,1,0,0,0,35.145746,-77.704343,789,15.8,0.0,774.0,0.980988593156
410,South Mecklenburg High,1,0,0,1,35.109355,-80.860978,2913,19.7,161.0,1157.0,0.452454514246
411,South Point High,1,0,0,0,35.222923,-81.038678,1101,17.84,64.0,286.0,0.317892824705
412,South Robeson High,1,0,0,1,34.54587,-79.24285,484,10.8,0.0,476.0,0.98347107438
413,South Rowan High,1,0,0,1,35.573137,-80.609972,970,15.93,73.0,422.0,0.510309278351
414,South Stanly High,1,0,0,1,35.23098,-80.163951,429,12.73,34.0,168.0,0.470862470862
415,South Stokes High,1,0,0,1,36.326262,-80.24005,633,12.23,38.0,229.0,0.421800947867
416,South View High,1,0,0,1,34.978088,-78.926605,1782,17.13,198.0,837.0,0.580808080808
417,Southeast Guilford High,1,0,0,1,35.972649,-79.697813,1410,16.83,100.0,409.0,0.360992907801
418,Southeast Halifax High,1,0,0,1,36.219311,-77.550876,336,12.92,0.0,331.0,0.985119047619
419,Southeast Raleigh High,1,1,0,1,35.745629,-78.604002,1538,13.91,130.0,759.0,0.578023407022
420,Southern Guilford High,1,0,0,1,35.95123,-79.85445,1128,16.25,96.0,654.0,0.664893617021
421,Southern High,1,0,0,1,36.00221,-79.40861,1545,19.31,50.0,212.0,0.169579288026
422,Southern Lee High School,1,0,0,1,35.434888,-79.185529,1179,15.53,81.0,586.0,0.565733672604
423,Southern Nash High,1,0,0,1,35.851079,-78.087413,1189,18.08,94.0,594.0,0.578637510513
424,Southern School of Energy and Sustainabi,1,0,0,1,35.999879,-78.829051,1292,14.32,79.0,749.0,0.640866873065
425,Southern Vance High,1,0,0,1,36.303335,-78.374364,834,15.44,0.0,825.0,0.989208633094
426,Southern Wake Academy,1,0,1,0,35.61277,-78.819191,306,11.77,15.0,6.0,0.0686274509804
427,Southern Wayne High,1,0,0,1,35.253639,-78.045238,1120,16.08,64.0,665.0,0.650892857143
428,Southside High,1,0,0,1,35.446222,-77.057229,444,13.33,44.0,252.0,0.666666666667
429,SouthWest Edgecombe High,1,0,0,1,35.83993,-77.66129,847,16.86,0.0,841.0,0.992916174734
430,Southwest Guilford High,1,0,0,1,36.046697,-79.988828,1527,18.1,91.0,516.0,0.39751146038
431,Southwest High,1,0,0,1,34.74922,-77.481951,664,15.81,3.0,11.0,0.0210843373494
432,Southwestern Randolph High,1,0,0,1,35.62664,-79.86883,1117,16.98,93.0,468.0,0.502238137869
433,Spring Creek High,1,0,0,1,35.226763,-77.897801,1038,16.74,54.0,95.0,0.143545279383
434,Stanly Early College High,1,0,0,1,35.33645,-80.233681,204,26.84,26.0,79.0,0.514705882353
435,Starmount High,1,0,0,1,36.182935,-80.771569,631,15.18,51.0,230.0,0.445324881141
436,Statesville High,1,0,0,1,35.792659,-80.892019,1029,15.35,68.0,539.0,0.589893100097
438,Stokes Early College,1,0,0,1,36.37409,-80.181451,146,17.18,18.0,47.0,0.445205479452
439,Stuart W Cramer High,1,0,0,1,35.24652,-81.063191,782,17.13,54.0,265.0,0.407928388747
440,Sun Valley High,1,0,0,1,35.046059,-80.644768,1306,17.13,3.0,397.0,0.306278713629
441,Surry Central High,1,0,0,1,36.381762,-80.715175,801,17.04,74.0,365.0,0.548064918851
442,Surry Early College,1,0,0,1,36.38489,-80.715421,366,34.86,26.0,163.0,0.516393442623
443,Swansboro High,1,0,0,0,34.698222,-77.15444,1067,16.29,59.0,275.0,0.313027179007
444,T Wingate Andrews High,1,1,0,1,35.985404,-79.990014,871,13.63,0.0,865.0,0.993111366246
445,Tarboro High,1,0,0,1,35.90109,-77.55684,589,15.5,0.0,586.0,0.994906621392
446,Terry Sanford High,1,0,0,1,35.065155,-78.915747,1266,17.62,48.0,524.0,0.451816745656
448,The Academy at Smith,1,0,0,1,36.034809,-79.847021,224,14.12,25.0,125.0,0.669642857143
449,The Hawbridge School,1,0,1,0,35.946619,-79.318981,239,12.08,13.0,0.0,0.0543933054393
451,The North Carolina Leadership Academy,1,0,1,0,36.046499,-80.112718,534,17.45,13.0,24.0,0.0692883895131
452,The School for Creative Studies,1,0,0,1,36.072007,-78.822916,449,12.9,34.0,175.0,0.465478841871
453,Thomas Jefferson Class Academy,1,0,1,0,35.272252,-81.794303,1303,16.22,62.0,114.0,0.135072908672
454,Thomasville High,1,0,0,1,35.900127,-80.076063,700,14.81,0.0,671.0,0.958571428571
455,Topsail High,1,0,0,0,34.395709,-77.681587,1255,18.91,60.0,220.0,0.223107569721
456,Tri-County Early College High,1,0,0,1,35.067838,-83.965117,132,18.86,10.0,33.0,0.325757575758
457,Triad Math and Science Academy,1,0,1,1,36.03014,-79.809571,1106,15.4,76.0,440.0,0.466546112116
458,Trinity High,1,0,0,1,35.894008,-79.997579,766,17.63,39.0,303.0,0.446475195822
459,Triton High,1,0,0,1,35.338325,-78.6648,1308,16.67,86.0,652.0,0.564220183486
460,Tuscola High,1,0,0,1,35.522854,-82.951329,1013,14.94,49.0,357.0,0.400789733465
463,Union County Early College,1,0,0,1,35.031163,-80.62049,343,24.77,38.0,103.0,0.411078717201
465,Union Pines High,1,0,0,0,35.31723,-79.34863,1323,19.13,65.0,362.0,0.322751322751
466,Uwharrie Charter Academy,1,0,1,0,35.691832,-79.832822,318,15.81,44.0,52.0,0.301886792453
467,Vance Co Early College,1,0,0,1,36.322544,-78.48863,229,25.44,0.0,226.0,0.986899563319
468,Vance High,1,0,0,1,35.300403,-80.769214,1714,18.81,0.0,3.0,0.00175029171529
469,Vernon Malone College and Career Academy,1,0,0,1,35.75226,-78.644081,130,12.38,9.0,41.0,0.384615384615
471,Voyager Academy,1,0,1,1,36.04563,-78.89602,1350,13.73,0.0,252.0,0.186666666667
472,Wake Early College of Health and Science,1,0,0,0,35.784475,-78.585294,309,22.89,24.0,71.0,0.307443365696
473,Wake Forest High School,1,0,0,0,35.985147,-78.515849,1953,18.34,97.0,453.0,0.281618023554
474,Wake Young Men's Leadership Academy,1,0,0,1,35.77862,-78.629471,247,12.34,25.0,60.0,0.344129554656
475,Wake Young Women's Leadership Academy,1,0,0,0,35.77823,-78.659291,281,12.6,19.0,74.0,0.330960854093
476,Wakefield High,1,0,0,0,35.947346,-78.570376,2387,18.08,14.0,17.0,0.012987012987
477,Walkertown High,1,0,0,1,36.17505,-80.146841,738,17.09,54.0,301.0,0.481029810298
478,Wallace-Rose Hill High,1,0,0,1,34.771222,-77.999705,667,17.17,50.0,383.0,0.649175412294
479,Walter M Williams High,1,0,0,1,36.088052,-79.453662,1192,18.44,62.0,587.0,0.544463087248
480,Warren County High,1,0,0,1,36.432685,-78.165439,415,13.62,0.0,412.0,0.992771084337
481,Warren Early College High,1,0,0,1,36.402469,-78.155132,132,18.59,0.0,129.0,0.977272727273
482,Warren New Tech High,1,0,0,1,36.433881,-78.174492,202,14.85,0.0,199.0,0.985148514851
484,Watauga High,1,0,0,0,36.215934,-81.650459,1365,13.41,91.0,321.0,0.301831501832
485,Wayne Early / Middle College High,1,0,0,1,35.40553,-77.944371,256,21.33,17.0,83.0,0.390625
486,Wayne School of Engineering,1,0,0,0,35.38639,-77.980531,449,18.34,13.0,109.0,0.271714922049
487,Weddington High,1,0,0,0,35.00477,-80.725001,1342,19.38,11.0,88.0,0.0737704918033
489,West Bladen High,1,0,0,1,34.639447,-78.741603,781,16.98,0.0,770.0,0.985915492958
490,West Brunswick High,1,0,0,1,33.980396,-78.409996,1360,15.5,71.0,519.0,0.433823529412
491,West Caldwell High,1,0,0,1,35.886674,-81.591703,900,13.99,101.0,508.0,0.676666666667
492,West Carteret High,1,0,0,1,34.737347,-76.78587,1215,15.28,79.0,360.0,0.361316872428
493,West Charlotte High,1,0,0,1,35.265904,-80.859596,1777,16.2,0.0,1770.0,0.99606077659
494,West Columbus High,1,0,0,1,34.32804,-78.924021,465,12.74,28.0,298.0,0.701075268817
495,West Craven High,1,0,0,1,35.23747,-77.138291,973,14.69,77.0,419.0,0.509763617677
496,West Davidson High,1,0,0,1,35.803349,-80.366349,792,17.02,58.0,294.0,0.444444444444
497,West Forsyth High,1,0,0,0,36.063257,-80.386402,2177,19.89,75.0,465.0,0.248047772164
498,West Henderson High,1,0,0,0,35.366243,-82.51518,1090,16.26,89.0,289.0,0.346788990826
499,West Iredell High,1,0,0,1,35.795296,-80.992185,918,16.13,87.0,382.0,0.510893246187
500,West Johnston High,1,0,0,0,35.522969,-78.537151,1359,16.22,63.0,338.0,0.295069904341
501,West Lincoln High,1,0,0,1,35.485245,-81.389653,919,16.7,84.0,400.0,0.526659412405
502,West Mecklenburg High,1,0,0,1,35.248774,-80.952396,2040,18.79,3.0,2028.0,0.995588235294
503,West Montgomery High,1,0,0,1,35.29646,-79.96151,572,15.26,41.0,289.0,0.576923076923
504,West Rowan High,1,0,0,1,35.699338,-80.643051,1089,16.62,92.0,449.0,0.496786042241
505,West Stanly High,1,0,0,1,35.2671,-80.345987,816,14.94,44.0,220.0,0.323529411765
506,West Stokes High,1,0,0,0,36.314095,-80.375825,977,15.44,86.0,272.0,0.366427840328
507,West Wilkes High,1,0,0,0,36.185682,-81.259651,689,15.57,0.0,679.0,0.985486211901
508,Western Alamance High,1,0,0,0,36.153129,-79.498292,1233,18.65,37.0,299.0,0.272506082725
509,Western Guilford High,1,0,0,1,36.08213,-79.90767,1308,18.77,79.0,525.0,0.461773700306
510,Western Harnett High,1,0,0,1,35.335987,-78.981064,1338,17.72,135.0,571.0,0.527653213752
511,Westover High,1,0,0,1,35.084355,-78.992249,1133,15.03,102.0,696.0,0.704324801412
512,Wheatmore High,1,0,0,1,35.82892,-80.007711,815,16.96,53.0,221.0,0.336196319018
513,White Oak High,1,0,0,0,34.768656,-77.348389,1088,17.84,76.0,277.0,0.324448529412
514,Whiteville High,1,0,0,1,34.334558,-78.706792,718,14.38,0.0,715.0,0.995821727019
515,Wilkes Central High,1,0,0,1,36.110032,-81.178481,865,15.66,0.0,862.0,0.996531791908
516,Wilkes Early College High,1,0,0,1,36.13551,-81.183711,243,27.0,0.0,240.0,0.987654320988
517,William Amos Hough High,1,0,0,0,35.46729,-80.827491,2453,20.43,56.0,337.0,0.160211985324
519,Wilmington Early College High,1,0,0,1,34.322732,-77.878835,189,20.88,16.0,68.0,0.444444444444
520,Wilson Early College Academy,1,0,0,1,35.72907,-77.895801,253,28.02,24.0,112.0,0.537549407115
521,Winston-Salem Preparatory Acad,1,1,0,1,36.110174,-80.221886,425,12.45,0.0,416.0,0.978823529412
522,Woods Charter,1,0,1,0,35.8155,-79.114,509,11.44,10.0,19.0,0.056974459725
523,Yadkin Early College,1,0,0,1,36.14799,-80.673674,213,27.99,19.0,87.0,0.49765258216
524,Yadkin Valley Regional Career Academy,1,0,0,1,35.817104,-80.188747,132,15.53,7.0,73.0,0.606060606061
