,SchoolNamePublicSchool201415,SchoolTypePublicSchool201415,MagnetSchoolPublicSchool201415,CharterSchoolPublicSchool201415,TitleIEligibleSchoolPublicSchool201415,LatitudePublicSchool201415,LongitudePublicSchool201415,Grade12offeredPublicSchool201415,Grade11offeredPublicSchool201415,Grade10offeredPublicSchool201415,Grade9offeredPublicSchool201415,TotalStudentsAllGradesExcludesAEPublicSchool201415,StudentTeacherRatio
0,A L Brown High,1,0,0,1,35.496330,-80.618593,1,1,1,1,1475,14.73
1,Albemarle High,1,0,0,1,35.371268,-80.193152,1,1,1,1,464,13.39
2,Alexander Central High,1,0,0,1,35.916796,-81.188880,1,1,1,1,1601,16.64
3,Alleghany High,1,0,0,0,36.509471,-81.124986,1,1,1,1,454,13.16
4,Andrews High,1,0,0,1,35.195186,-83.824323,1,1,1,1,273,16.95
5,Anson Co. Early College High,1,0,0,1,34.999700,-80.210481,1,1,1,1,195,19.60
6,Anson High School,1,0,0,1,34.977410,-80.103131,1,1,1,1,633,13.09
7,Anson New Tech High,1,0,0,1,34.960669,-80.078198,1,1,1,1,165,21.71
8,Apex High,1,0,0,0,35.745325,-78.837272,1,1,1,1,2549,19.31
9,Arapahoe Charter School,1,0,1,1,35.012253,-76.821202,0,0,1,1,470,17.00
10,Ardrey Kell High,1,0,0,0,35.029990,-80.826650,1,1,1,1,2701,21.18
11,Ashbrook High,1,0,0,1,35.243106,-81.127153,1,1,1,1,1436,16.06
12,Ashe County High,1,0,0,1,36.392701,-81.477977,1,1,1,1,953,14.33
13,Asheboro High,1,0,0,1,35.689290,-79.818420,1,1,1,1,1311,16.83
14,Asheville High,1,0,0,1,35.572901,-82.553099,1,1,1,1,1089,11.85
15,Athens Drive High,1,0,0,1,35.768700,-78.711273,1,1,1,1,1884,15.76
16,Atkins Academic & Tech High,1,1,0,1,36.108034,-80.195887,1,1,1,1,603,15.01
17,Avery High STEM Academy,1,0,0,1,36.067608,-81.919724,1,1,1,1,174,21.75
18,Ayden-Grifton High,1,0,0,1,35.430252,-77.431952,1,1,1,1,689,15.99
19,Bandys High,1,0,0,0,35.645263,-81.084386,1,1,1,1,872,17.07
20,Bartlett Yancey High,1,0,0,1,36.403341,-79.327640,1,1,1,1,814,15.53
21,Bear Grass,1,0,1,0,35.767732,-77.127148,1,1,1,1,331,13.79
22,Beaufort Co Early College High,1,0,0,1,35.532287,-76.966934,1,1,1,1,227,37.83
23,Beddingfield High,1,0,0,1,35.659240,-77.876371,1,1,1,1,868,15.03
24,Ben L. Smith High School,1,0,0,1,36.034740,-79.847350,1,1,1,1,1296,15.19
25,Bertie Early College High,1,0,0,1,36.034085,-77.013154,1,1,1,1,165,18.33
26,Bertie High,1,0,0,1,36.050399,-76.972151,1,1,1,1,485,12.65
27,Bertie STEM High,1,0,0,1,36.050399,-76.972151,1,1,1,1,132,15.10
28,Bessemer City High,1,0,0,1,35.297240,-81.281434,1,1,1,1,646,15.52
29,Blue Ridge Early College,1,0,0,1,35.128613,-83.120512,1,1,1,1,177,16.43
30,Brevard High,1,0,0,1,35.217205,-82.735576,1,1,1,1,725,13.14
31,Brunswick County Early College,1,0,0,1,34.038129,-78.229837,1,1,1,1,341,28.68
32,Early College,1,0,0,1,35.570728,-82.555976,1,1,1,1,266,19.90
33,Bunker Hill High,1,0,0,1,35.742030,-81.111320,1,1,1,1,936,16.28
34,Bunn High,1,0,0,1,35.954127,-78.249753,1,1,1,1,861,15.80
35,Burns High,1,0,0,1,35.420092,-81.532265,1,1,1,1,1084,14.03
36,Butler High,1,0,0,1,35.120282,-80.691593,1,1,1,1,2081,19.46
37,C E Jordan High,1,0,0,1,35.922669,-78.962157,1,1,1,1,1848,17.18
38,Cabarrus-Kannapolis Early Coll,1,0,0,1,35.436630,-80.659001,1,1,1,1,232,27.62
39,Caldwell Career Cen Mid. Coll.,1,0,0,1,35.855556,-81.485220,1,1,1,1,240,12.94
40,Caldwell Early College,1,0,0,0,35.853817,-81.483806,1,1,1,1,385,21.39
41,Camden County High,1,0,0,0,36.326910,-76.171991,1,1,1,1,460,14.18
42,CamTech High,1,0,0,0,36.327618,-76.172311,1,1,1,1,156,15.93
43,Cape Fear High,1,0,0,1,35.034044,-78.762384,1,1,1,1,1535,16.38
44,Cape Hatteras Secondary School,1,0,0,1,35.269310,-75.534300,1,1,1,1,303,10.38
45,Career Academy and Technical School,1,0,0,0,35.714190,-80.887581,1,1,1,1,50,5.39
46,Carolina International School,1,0,1,0,35.411570,-80.737721,0,1,1,1,700,15.98
47,Carrboro High,1,0,0,0,35.891723,-79.085455,1,1,1,1,825,14.51
48,Carson High,1,0,0,1,35.563039,-80.545691,1,1,1,1,1231,17.31
49,Carter G Woodson School,1,0,1,1,36.067380,-80.231160,1,1,1,1,438,223.47
50,Carver High,1,0,0,1,36.134288,-80.206554,1,1,1,1,648,13.60
51,Cary High,1,0,0,1,35.771138,-78.766330,1,1,1,1,2396,17.68
52,CCCA - Fair Bluff /Southeastern Campuses,1,0,0,1,34.331954,-78.782393,1,1,1,1,278,26.05
53,Cedar Ridge High,1,0,0,0,36.054083,-79.126208,1,1,1,1,1163,15.71
54,Central Academy of Technology & Arts,1,0,0,0,34.970940,-80.568760,1,1,1,1,802,15.48
55,Central Cabarrus High,1,0,0,1,35.362718,-80.583852,1,1,1,1,1416,15.99
56,Central Davidson High,1,0,0,1,35.739502,-80.223108,1,1,1,1,969,17.53
57,Challenger Early College High,1,0,0,1,35.699458,-81.288100,1,1,1,1,368,26.29
58,Chapel Hill High,1,0,0,0,35.946507,-79.080289,1,1,1,1,1439,15.74
59,Charles B Aycock High,1,0,0,1,35.509148,-77.980071,1,1,1,1,1267,17.85
60,Charlotte Learning Academy,1,0,1,1,35.181580,-80.864521,0,0,1,1,146,14.60
61,Charlotte Secondary,1,0,1,1,35.151970,-80.748591,0,1,1,1,425,11.81
62,Chase High School,1,0,0,1,35.251360,-81.843411,1,1,1,1,812,16.40
63,Chatham Central High,1,0,0,0,35.615120,-79.390631,1,1,1,1,404,14.16
64,Chatham Charter,1,0,1,0,35.742493,-79.479562,0,1,1,1,497,14.97
65,Cherryville High,1,0,0,1,35.389682,-81.379896,1,1,1,1,554,14.37
66,City of Medicine Academy,1,0,0,1,36.038838,-78.902553,1,1,1,1,321,13.66
67,Clayton High,1,0,0,0,35.650024,-78.466420,1,1,1,1,1512,17.69
68,Cleveland ECHS,1,0,0,1,35.277570,-81.490361,1,1,1,1,223,32.94
69,Cleveland High,1,0,0,0,35.551507,-78.500107,1,1,1,1,1468,18.26
70,Clinton High,1,0,0,1,34.973848,-78.329093,1,1,1,1,848,15.99
71,Clover Garden,1,0,1,1,36.187017,-79.471089,1,1,1,1,607,17.97
72,Cochrane Collegiate Academy,1,0,0,1,35.246492,-80.750138,1,1,1,1,702,14.51
73,Collaborative College for Technology,1,0,0,1,35.783453,-80.893121,1,1,1,1,240,25.32
74,Columbia High,1,0,0,1,35.919076,-76.245535,1,1,1,1,167,9.86
75,Community School of Davidson,1,0,1,0,35.508080,-80.849741,1,1,1,1,1327,14.61
76,Concord High,1,0,0,1,35.433650,-80.582182,1,1,1,1,1252,15.82
77,Corinth Holders High,1,0,0,0,35.724760,-78.337811,1,1,1,1,1679,18.40
78,Cox Mill High School,1,0,0,0,35.395070,-80.728611,1,1,1,1,1478,19.23
79,Craven Early College High,1,0,0,1,35.111602,-77.102325,1,1,1,1,205,16.24
80,Crest High,1,0,0,1,35.271571,-81.609854,1,1,1,1,1260,15.01
81,Creswell High,1,0,0,1,35.868941,-76.395907,1,1,1,1,155,9.69
82,Croatan High,1,0,0,0,34.748000,-76.895490,1,1,1,1,904,15.69
83,Cross Creek Early College,1,0,0,1,35.070959,-78.893585,1,1,1,1,247,16.47
84,Williams Academy,1,0,1,1,36.021600,-81.929700,1,1,1,1,104,6.94
85,Crossroads Charter High,1,0,1,1,35.261163,-80.773678,1,1,1,1,182,587.10
86,CS Brown High,1,0,0,1,36.387550,-76.933100,1,1,1,1,43,7.17
87,Cumberland International Early CollegeHS,1,0,0,1,35.071595,-78.894515,1,1,1,1,234,18.00
88,Currituck County High,1,0,0,0,36.372527,-75.969111,1,1,1,1,972,14.62
89,Cuthbertson High,1,0,0,0,34.975950,-80.740031,1,1,1,1,1449,20.81
90,D H Conley High,1,0,0,0,35.530585,-77.324777,1,1,1,1,1644,18.46
91,Dalton McMichael High,1,0,0,1,36.417552,-79.942671,1,1,1,1,985,17.74
92,Davidson Early College,1,0,0,1,35.868790,-80.296620,1,1,1,1,107,24.43
93,Davie County Early College High,1,0,0,1,35.870882,-80.555530,1,1,1,1,156,26.00
94,Davie County High,1,0,0,1,35.873036,-80.552196,1,1,1,1,1799,16.89
95,Discovery High School,1,0,0,1,35.679590,-81.222361,1,1,1,1,224,16.91
96,Dixon High,1,0,0,0,34.587976,-77.478352,1,1,1,1,835,17.40
97,Douglas Byrd High,1,0,0,1,35.030827,-78.948512,1,1,1,1,1189,14.09
98,Duplin Early College High,1,0,0,1,34.946531,-77.978821,1,1,1,1,180,25.71
99,Durham School of the Arts,1,1,0,1,36.003058,-78.906780,1,1,1,1,1650,15.59
100,Dynamic Community Charter,2,0,1,0,35.856740,-78.699741,0,0,1,1,67,6.56
101,E E Smith High,1,0,0,1,35.084083,-78.895641,1,1,1,1,1064,15.03
102,Early College at Guilford,1,0,0,0,36.095092,-79.890057,1,1,1,1,198,24.60
103,Early College EAST High,1,0,0,0,34.878517,-76.898878,1,1,1,1,220,24.12
104,Early College of Forsyth Co,1,0,0,0,36.068835,-80.271743,1,1,1,1,211,23.44
105,East Bladen High,1,0,0,1,34.581079,-78.530675,1,1,1,1,646,14.32
106,East Burke High,1,0,0,1,35.721566,-81.482113,1,1,1,1,991,17.42
107,East Carteret High,1,0,0,1,34.781690,-76.631261,1,1,1,1,596,13.90
108,East Chapel Hill High,1,0,0,0,35.961012,-79.029733,1,1,1,1,1411,16.47
109,East Columbus High,1,0,0,1,34.335906,-78.501626,1,1,1,1,465,14.09
110,East Davidson High,1,0,0,1,35.850167,-80.101925,1,1,1,1,958,17.26
111,East Duplin High,1,0,0,1,34.939216,-77.784213,1,1,1,1,995,18.14
112,East Forsyth High,1,0,0,1,36.117527,-80.150532,1,1,1,1,1899,18.14
113,East Gaston High,1,0,0,0,35.315441,-81.075626,1,1,1,1,1122,16.67
114,East Henderson High,1,0,0,1,35.297618,-82.424020,1,1,1,1,936,14.64
115,East Lincoln High,1,0,0,0,35.454121,-81.025771,1,1,1,1,924,18.09
116,East Mecklenburg High,1,0,0,1,35.176007,-80.757978,1,1,1,1,1840,16.52
117,East Montgomery High,1,0,0,1,35.339379,-79.777223,1,1,1,1,632,14.58
118,East Rowan High,1,0,0,1,35.593432,-80.423361,1,1,1,1,1055,16.28
119,East Rutherford High School,1,0,0,1,35.340594,-81.818253,1,1,1,1,714,14.76
120,East Surry High,1,0,0,1,36.394408,-80.477896,1,1,1,1,641,15.35
121,East Wake Academy,1,0,1,1,35.831971,-78.306580,1,1,1,1,1139,15.65
122,East Wake School of Arts Education and G,1,0,0,1,35.813398,-78.424721,1,1,1,1,374,13.75
123,East Wake School of Engineering,1,0,0,1,35.813366,-78.425000,1,1,1,1,372,14.65
124,East Wake School of Health Science,1,0,0,1,35.813631,-78.424914,1,1,1,1,371,15.33
125,East Wake School of Integrated Technolog,1,0,0,1,35.813429,-78.424832,1,1,1,1,325,14.01
126,East Wilkes High,1,0,0,0,36.226446,-80.927589,1,1,1,1,548,16.53
127,Eastern Alamance High,1,0,0,1,36.113804,-79.301732,1,1,1,1,1256,18.97
128,Eastern Guilford High,1,0,0,1,36.093333,-79.615268,1,1,1,1,1168,15.88
129,Eastern Randolph High,1,0,0,1,35.755283,-79.616972,1,1,1,1,821,16.60
130,Eastern Wayne High,1,0,0,1,35.377732,-77.880540,1,1,1,1,1051,15.01
131,Edgecombe Early College High,1,0,0,0,35.879440,-77.572250,1,1,1,1,154,19.25
132,Elkin High,1,0,0,1,36.249551,-80.858991,1,1,1,1,393,13.25
133,Emsley A Laney High,1,0,0,1,34.298668,-77.872454,1,1,1,1,2141,18.17
134,Enka High,1,0,0,1,35.529711,-82.665806,1,1,1,1,1237,17.07
135,Erwin High,1,0,0,1,35.619534,-82.626405,1,1,1,1,1328,16.65
136,Eugene Ashley High,1,0,0,1,34.100150,-77.911351,1,1,1,1,1874,18.86
137,Fairmont High,1,0,0,1,34.472385,-79.101855,1,1,1,1,744,13.88
138,Farmville Central High,1,0,0,1,35.593868,-77.568892,1,1,1,1,786,15.76
139,Fike High,1,0,0,1,35.752893,-77.922225,1,1,1,1,1310,18.52
140,First Flight High School,1,0,0,0,36.008836,-75.666492,1,1,1,1,807,13.85
141,Flemington Academy,1,0,1,1,34.320714,-78.524991,1,1,1,1,74,6.03
142,Forbush High,1,0,0,1,36.141350,-80.556340,1,1,1,1,904,15.40
143,Forest Hills High,1,0,0,1,34.979287,-80.413314,1,1,1,1,937,14.86
144,Forestview High,1,0,0,0,35.183439,-81.135602,1,1,1,1,1143,17.94
145,Franklin Academy,1,0,1,0,35.955650,-78.487311,1,1,1,1,1639,15.08
146,Franklin County Early College,1,0,0,0,36.086177,-78.330658,1,1,1,1,172,28.67
147,Franklin High,1,0,0,1,35.176551,-83.382383,1,1,1,1,931,14.99
148,Franklinton High,1,0,0,0,36.069620,-78.436031,1,1,1,1,1008,17.85
149,Fred T Foard High,1,0,0,1,35.617507,-81.371066,1,1,1,1,1025,17.08
150,Freedom High,1,0,0,1,35.745194,-81.720672,1,1,1,1,1178,17.98
151,Fuquay-Varina High,1,0,0,0,35.597889,-78.797234,1,1,1,1,2117,18.57
152,Garinger High,1,0,0,1,35.241104,-80.782811,1,1,1,1,1748,16.49
153,Garner High,1,1,0,1,35.710798,-78.635160,1,1,1,1,2650,18.16
154,Gaston College Preparatory,1,0,1,1,36.504587,-77.639204,1,1,1,1,1046,16.92
155,Gaston Early College High School,1,0,0,1,35.311484,-81.189418,1,1,1,1,170,20.61
156,Gates County Senior High,1,0,0,1,36.447458,-76.704504,1,1,1,1,539,12.07
157,Goldsboro High,1,0,0,1,35.386752,-77.979992,1,1,1,1,545,13.97
158,Graham High,1,0,0,1,36.076690,-79.380770,1,1,1,1,804,16.58
159,Granville Central High,1,0,0,1,36.207623,-78.687185,1,1,1,1,569,15.73
160,Granville Early College High,1,0,0,1,36.141700,-78.721306,1,1,1,1,218,31.14
161,Granville Magnet School,1,1,0,1,36.315140,-78.587491,0,0,1,1,171,14.19
162,Gray Stone Day,1,0,1,0,35.483510,-80.276340,1,1,1,1,411,14.17
163,Green Hope High,1,0,0,0,35.804992,-78.867007,1,1,1,1,2380,19.75
164,Greene Central High,1,0,0,1,35.479919,-77.670315,1,1,1,1,900,14.89
165,Greene Early College High,1,0,0,1,35.475863,-77.670521,1,1,1,1,157,20.93
166,Grimsley High,1,0,0,1,36.084338,-79.815997,1,1,1,1,1719,18.84
167,GTCC Middle College High,1,0,0,1,35.998253,-79.918162,1,1,1,1,187,12.90
168,Haliwa-Saponi Tribal School,1,0,1,1,36.251895,-77.981367,1,1,1,1,192,11.67
169,Harding University High,1,1,0,1,35.236952,-80.902359,1,1,1,1,1747,17.98
170,Harnett Central High,1,0,0,1,35.463493,-78.779910,1,1,1,1,1541,17.45
171,Havelock High,1,0,0,1,34.880481,-76.893569,1,1,1,1,1119,15.87
172,Hawthorne High,1,0,0,1,35.295070,-80.795681,1,1,1,1,135,7.06
173,Hayesville High,1,0,0,1,35.040513,-83.813602,1,1,1,1,383,12.30
174,Haywood Early College,1,0,0,1,35.526397,-82.927756,1,1,1,1,156,26.00
175,Heide Trask High,1,0,0,1,34.437792,-77.892530,1,1,1,1,685,14.42
176,Henderson County Early College,1,0,0,1,35.307269,-82.422577,1,1,1,1,202,33.67
177,Hendersonville High,1,0,0,1,35.321409,-82.464217,1,1,1,1,770,16.77
178,Heritage High,1,0,0,0,35.940140,-78.511001,1,1,1,1,1910,17.77
179,Hertford Co Early College,1,0,0,1,36.323840,-77.019391,1,1,1,1,127,18.14
180,Hertford County High,1,0,0,1,36.296584,-76.998176,1,1,1,1,703,15.56
181,Hibriten High,1,0,0,1,35.925510,-81.493751,1,1,1,1,824,13.19
182,Hickory High,1,0,0,1,35.749647,-81.331794,1,1,1,1,1018,15.39
183,Hickory Ridge High,1,0,0,0,35.307787,-80.634948,1,1,1,1,1573,20.37
184,High Point Central High,1,1,0,1,35.957950,-80.023120,1,1,1,1,1454,16.90
185,Highland Sch of Technology,1,1,0,0,35.280405,-81.190733,1,1,1,1,555,13.79
186,Highlands School,1,0,0,1,35.046853,-83.196938,1,1,1,1,351,11.55
187,Hillside High,1,0,0,1,35.953277,-78.903598,1,1,1,1,1318,14.40
188,Hillside New Tech High,1,0,0,1,35.953277,-78.903598,1,1,1,1,273,15.17
189,Hiwassee Dam High,1,0,0,1,35.103859,-84.223650,1,1,1,1,203,12.76
190,Hobbton High,1,0,0,1,35.177810,-78.328370,1,1,1,1,557,15.80
191,Hoke County High,1,0,0,1,34.972957,-79.234343,1,1,1,1,1972,15.73
192,Holly Springs High,1,0,0,0,35.628900,-78.848821,1,1,1,1,2418,19.67
193,Hopewell High,1,0,0,1,35.378392,-80.911004,1,1,1,1,1653,18.85
194,Howard Health & Life Sciences,1,0,0,1,35.029680,-78.898221,1,1,1,1,164,13.12
195,Hugh M Cummings High,1,0,0,1,36.088669,-79.396442,1,1,1,1,932,17.73
196,Hunter Huss High,1,0,0,1,35.240637,-81.206875,1,1,1,1,1148,17.03
197,Independence High,1,0,0,1,35.197168,-80.687432,1,1,1,1,2349,18.24
198,Invest Collegiate - Imagine,1,0,1,0,35.525000,-82.606561,0,0,1,1,342,15.57
199,Isaac M Bear High,1,0,0,1,34.217190,-77.880005,1,1,1,1,231,23.10
200,J D Clement Early College HS,1,0,0,1,35.974670,-78.898051,1,1,1,1,352,24.28
201,J F Kennedy High,4,1,0,1,36.106750,-80.234701,1,1,1,1,344,7.55
202,J. F. Webb High,1,0,0,1,36.343600,-78.604437,1,1,1,1,615,15.14
203,Jack Britt High,1,0,0,0,34.977498,-79.011098,1,1,1,1,1941,17.56
204,Jackson Co Early College,1,0,0,1,35.347264,-83.204440,1,1,1,1,145,35.37
205,Jacksonville High,1,0,0,1,34.783917,-77.427045,1,1,1,1,1218,17.53
206,James B Dudley High,1,0,0,1,36.060828,-79.763503,1,1,1,1,1418,15.52
207,James Hunt High,1,0,0,0,35.722528,-77.998967,1,1,1,1,1375,17.73
208,James Kenan High,1,0,0,1,34.984522,-78.043144,1,1,1,1,728,17.40
209,Jay M Robinson High,1,0,0,1,35.362979,-80.661366,1,1,1,1,1339,15.54
210,JF Webb HS Of Health And Life Sciences,1,0,0,0,36.337910,-78.597163,1,1,1,1,304,27.64
211,Jimmy C Draughn High School,1,0,0,1,35.767070,-81.544041,1,1,1,1,722,16.77
212,John A Holmes High,1,0,0,1,36.066548,-76.604733,1,1,1,1,659,14.50
213,John M Morehead High,1,0,0,1,36.504629,-79.735354,1,1,1,1,940,18.02
214,John T Hoggard High,1,0,0,0,34.199614,-77.892867,1,1,1,1,1786,18.90
215,Johnston Co Early College Academy,1,0,0,0,35.504134,-78.330645,1,1,1,1,244,26.38
216,Jones Senior High,1,0,0,1,35.054220,-77.482360,1,1,1,1,333,12.11
217,Jordan Matthews High,1,0,0,1,35.723900,-79.452430,1,1,1,1,765,13.78
218,Junius H Rose High,1,0,0,1,35.593934,-77.384236,1,1,1,1,1440,15.96
219,Kennedy Charter,1,0,1,1,35.118634,-80.873461,1,1,1,1,375,10.14
220,Kestrel Heights School,1,0,1,0,35.898310,-78.890451,1,1,1,1,1015,15.53
221,Kings Mountain High,1,0,0,1,35.234417,-81.369876,1,1,1,1,1272,14.65
222,Kinston High,1,0,0,1,35.295853,-77.575265,1,1,1,1,854,15.53
223,Knightdale High,1,0,0,1,35.810850,-78.476188,1,1,1,1,1672,16.73
224,Lake Lure Classical Academy,1,0,1,1,35.430690,-82.222451,0,1,1,1,372,12.40
225,Lake Norman Charter,1,0,1,0,35.388475,-80.834755,1,1,1,1,1600,17.51
226,Lake Norman High,1,0,0,0,35.598270,-80.903811,1,1,1,1,1865,21.07
227,Lakewood High,1,0,0,1,34.990911,-78.501924,1,1,1,1,516,13.79
228,Ledford Senior High,1,0,0,0,35.962253,-80.134033,1,1,1,1,1255,18.83
229,Lee County High,1,0,0,1,35.467494,-79.148203,1,1,1,1,1493,15.92
230,Lee Early College,1,0,0,1,35.471218,-79.143900,1,1,1,1,288,24.00
231,Leesville Road High,1,0,0,0,35.890123,-78.717862,1,1,1,1,2281,18.68
232,Lenoir County Early College High,1,0,0,0,35.221912,-77.576093,1,1,1,1,200,20.51
233,Lexington Senior High,1,0,0,1,35.832158,-80.248463,1,1,1,1,781,14.74
234,Lincoln Charter School,1,0,1,0,35.485880,-80.998131,1,1,1,1,1790,16.77
235,Lincolnton High,1,0,0,1,35.479470,-81.260091,1,1,1,1,887,15.44
236,Longleaf School of the Arts,1,0,1,0,35.778550,-78.635371,0,1,1,1,221,12.14
237,Louisburg High,1,0,0,1,36.111110,-78.299340,1,1,1,1,553,12.97
238,Lucy Ragsdale High,1,0,0,1,35.994623,-79.916637,1,1,1,1,1441,16.85
239,Lumberton Senior High,1,0,0,1,34.646905,-78.998779,1,1,1,1,2108,15.36
240,Madison Early College High,1,0,0,1,35.835640,-82.552361,1,1,1,1,213,25.06
241,Madison High,1,0,0,1,35.815182,-82.673437,1,1,1,1,645,11.68
242,Maiden High,1,0,0,1,35.580720,-81.226541,1,1,1,1,877,16.26
243,Mallard Creek High,1,0,0,1,35.363720,-80.769041,1,1,1,1,2472,20.05
244,Manteo High School,1,0,0,1,35.916730,-75.673531,1,1,1,1,466,12.21
245,Marvin Ridge High,1,0,0,0,34.973992,-80.795871,1,1,1,1,1573,19.96
246,Massey Hill Classical High,1,0,0,0,35.031037,-78.895077,1,1,1,1,341,15.99
247,Mattamuskeet Early College High,1,0,0,1,35.441381,-76.218225,1,1,1,1,231,10.59
248,Mayland Early College,1,0,0,1,35.932982,-82.016320,1,1,1,1,102,17.50
249,McDowell Early College,1,0,0,1,35.656553,-81.960773,1,1,1,1,212,19.27
250,McDowell High,1,0,0,1,35.695914,-82.034970,1,1,1,1,1680,16.08
251,Military and Global Leadership Academy,1,1,0,1,35.202326,-80.876847,1,1,1,1,642,12.75
252,Middle College at GTCC-GSO,1,0,0,1,36.087797,-79.731589,1,1,1,1,137,15.01
253,Middle College GTCC High Point,1,0,0,1,35.946413,-80.002784,1,1,1,1,127,12.54
254,Middle College High @ NC A&T,1,0,0,1,36.076734,-79.770181,1,1,1,1,106,7.64
255,Middle College High at Bennett,1,0,0,1,36.066350,-79.780411,1,1,1,1,115,11.15
256,Middle Creek High,1,0,0,0,35.667342,-78.760262,1,1,1,1,2249,18.74
257,Midway High,1,0,0,1,35.175373,-78.478913,1,1,1,1,715,15.56
258,Millbrook High,1,1,0,0,35.865800,-78.603069,1,1,1,1,2571,17.73
259,Mitchell High,1,0,0,1,35.972360,-82.118481,1,1,1,1,551,13.03
260,Monroe High,1,0,0,1,34.973920,-80.526800,1,1,1,1,1009,14.40
261,Mooresville Senior High,1,0,0,0,35.577956,-80.801473,1,1,1,1,1787,22.76
262,Mount Airy High,1,0,0,1,36.514304,-80.615310,1,1,1,1,534,13.52
263,Mount Pleasant High,1,0,0,1,35.407820,-80.482360,1,1,1,1,831,14.89
264,Mount Tabor High School,1,0,0,1,36.126906,-80.313483,1,1,1,1,1532,18.89
265,Mountain Heritage High,1,0,0,1,35.907987,-82.333572,1,1,1,1,671,12.37
266,Murphy High,1,0,0,1,35.100517,-84.016370,1,1,1,1,449,14.70
267,Myers Park High,1,0,0,0,35.170784,-80.833367,1,1,1,1,2762,19.05
268,Nantahala School,1,0,0,1,35.253472,-83.634187,1,1,1,1,96,7.17
269,Nash Central High,1,0,0,1,35.955821,-77.898118,1,1,1,1,1039,17.97
270,Needham Broughton High,1,1,0,1,35.790330,-78.652312,1,1,1,1,2112,16.65
271,Neuse Charter School,1,0,1,1,35.530712,-78.320942,1,1,1,1,764,13.82
272,New Bern High,1,0,0,1,35.100523,-77.115501,1,1,1,1,1697,16.97
273,New Hanover High,1,0,0,1,34.237374,-77.932373,1,1,1,1,1695,16.15
274,Newton-Conover High,1,0,0,1,35.678480,-81.225066,1,1,1,1,811,15.06
275,North Brunswick High,1,0,0,1,34.240530,-78.024524,1,1,1,1,1048,15.63
276,North Buncombe High,1,0,0,1,35.739711,-82.557604,1,1,1,1,1115,17.64
277,North Davidson High,1,0,0,0,35.924514,-80.248503,1,1,1,1,1523,17.34
278,North Duplin Jr Sr High,1,0,0,1,35.134496,-78.085798,1,1,1,1,528,17.03
279,North East Carolina Prep,1,0,1,1,35.891794,-77.580570,0,0,1,1,1306,15.46
280,North Edgecombe High,1,0,0,1,35.989362,-77.581588,1,1,1,1,244,10.40
281,North Forsyth High,1,0,0,1,36.174711,-80.282343,1,1,1,1,1244,15.57
282,North Gaston High,1,0,0,1,35.334439,-81.177503,1,1,1,1,1095,18.00
283,North Henderson High,1,0,0,1,35.360987,-82.422323,1,1,1,1,1089,16.08
284,North Iredell High,1,0,0,1,35.930000,-80.869350,1,1,1,1,1176,17.99
285,North Johnston High,1,0,0,1,35.570990,-78.184379,1,1,1,1,751,13.89
286,North Lenoir High,1,0,0,0,35.341711,-77.679325,1,1,1,1,933,16.09
287,North Lincoln High,1,0,0,0,35.533586,-81.119675,1,1,1,1,974,17.49
288,North Mecklenburg High,1,0,0,1,35.372678,-80.834877,1,1,1,1,1881,18.46
289,North Moore High,1,0,0,1,35.467590,-79.553741,1,1,1,1,640,17.17
290,North Pitt High,1,0,0,1,35.747502,-77.363120,1,1,1,1,917,16.00
291,North Rowan High,1,0,0,1,35.697467,-80.429741,1,1,1,1,698,14.10
292,North Stanly High,1,0,0,1,35.427101,-80.212112,1,1,1,1,593,13.52
293,North Stokes High,1,0,0,1,36.464788,-80.280069,1,1,1,1,432,12.56
294,North Surry High,1,0,0,1,36.505243,-80.673278,1,1,1,1,910,16.28
295,North Wilkes High,1,0,0,1,36.282614,-81.098724,1,1,1,1,736,16.36
296,Northampton County High School,1,0,0,1,36.427675,-77.316466,1,1,1,1,524,13.24
297,Northeast Guilford High,1,0,0,1,36.158570,-79.673037,1,1,1,1,1047,15.62
298,Northeast Regional School - Biotech/Agri,3,0,1,0,35.810041,-76.897289,0,1,1,1,165,15.67
299,Northeastern High,1,0,0,1,36.288058,-76.252967,1,1,1,1,849,14.84
300,Northern Guilford High,1,0,0,0,36.208981,-79.807032,1,1,1,1,1367,19.55
301,Northern High,1,0,0,1,36.094068,-78.912479,1,1,1,1,1448,17.26
302,Northern Nash High,1,0,0,1,35.998742,-77.891468,1,1,1,1,1119,18.37
303,Northern Vance High,1,0,0,1,36.349890,-78.378540,1,1,1,1,925,15.16
304,Northside High,1,0,0,1,35.536258,-76.727890,1,1,1,1,472,18.33
305,Northside High,1,0,0,1,34.791108,-77.388387,1,1,1,1,1109,13.89
306,Northwest Cabarrus High,1,0,0,1,35.453406,-80.665407,1,1,1,1,1198,16.47
307,Northwest Guilford High,1,0,0,0,36.154647,-79.953124,1,1,1,1,1983,20.35
308,Northwest Halifax High,1,0,0,1,36.386845,-77.789656,1,1,1,1,468,13.03
309,Northwest School of the Arts,1,1,0,1,35.257129,-80.856677,1,1,1,1,1019,17.27
310,Northwood High,1,0,0,0,35.756814,-79.173374,1,1,1,1,1284,17.02
311,NRM Early College High School,1,0,0,1,35.977713,-77.898834,1,1,1,1,251,24.49
312,Ocracoke School,1,0,0,1,35.112153,-75.978434,1,1,1,1,160,8.00
313,Olympic High - Biotech Health Pub Admin,1,0,0,1,35.158257,-80.952964,1,1,1,1,521,19.67
314,Olympic TEAM High School,1,0,0,1,35.158257,-80.952964,1,1,1,1,150,12.00
315,Olympic High - Renaissance School,1,0,0,1,35.157860,-80.952408,1,1,1,1,548,18.93
316,Olympic High-Leadership and Development,1,0,0,1,35.158257,-80.952964,1,1,1,1,608,18.22
317,Olympic High-Math Eng Tech Science,1,0,0,1,35.158257,-80.952964,1,1,1,1,607,21.48
318,Orange High,1,0,0,0,36.092870,-79.094704,1,1,1,1,1305,16.42
319,Overhills High,1,0,0,1,35.245390,-78.970331,1,1,1,1,1840,20.55
320,Owen High,1,0,0,1,35.618887,-82.373743,1,1,1,1,779,14.83
321,PACE Academy,1,0,1,1,35.908430,-79.089971,1,1,1,1,111,11.10
322,Page High,1,0,0,1,36.109396,-79.785070,1,1,1,1,2067,20.90
323,Paisley IB Magnet School,1,1,0,1,36.113253,-80.260151,0,0,1,1,770,15.02
324,Pamlico County High,1,0,0,1,35.142568,-76.779219,1,1,1,1,475,11.54
325,Panther Creek High,1,0,0,0,35.830904,-78.889120,1,1,1,1,2893,20.59
326,Parkland High,1,0,0,1,36.057008,-80.257067,1,1,1,1,1359,16.04
327,Parkwood High,1,0,0,1,34.902136,-80.631876,1,1,1,1,1006,17.50
328,Pasquotank County High,1,0,0,1,36.364359,-76.275388,1,1,1,1,773,15.82
329,Pender Early College High,1,0,0,1,34.543740,-77.922781,1,1,1,1,226,18.83
330,Pender High,1,0,0,1,34.545859,-78.012328,1,1,1,1,642,16.17
331,Penn-Griffin Schools,1,1,0,1,35.963725,-79.996448,1,1,1,1,697,13.95
332,Performance Learning Center,1,0,0,1,35.241588,-80.833761,1,1,1,1,152,15.25
333,Performance Learning Center,1,0,0,1,35.364940,-80.594021,1,1,1,1,140,18.67
334,Perquimans County High,1,0,0,1,36.184421,-76.474364,1,1,1,1,521,13.40
335,Person High,1,0,0,1,36.411139,-78.981009,1,1,1,1,1351,15.96
336,Philip J Weaver Ed Center,1,0,0,0,36.070205,-79.798371,1,1,1,1,268,6.06
337,Phillip O Berry Academy of Technology,1,1,0,1,35.239231,-80.891683,1,1,1,1,1714,19.22
338,Piedmont Community Charter School,1,0,1,1,35.236580,-81.115131,1,1,1,1,1225,16.64
339,Piedmont High,1,0,0,0,35.095526,-80.491614,1,1,1,1,1244,18.88
340,Pine Forest High,1,0,0,1,35.154703,-78.886659,1,1,1,1,1589,17.12
341,Pine Lake Preparatory,1,0,1,0,35.535410,-80.846326,1,1,1,1,1678,16.57
342,Pinecrest High,1,0,0,0,35.184846,-79.434589,1,1,1,1,2149,20.17
343,Pisgah High,1,0,0,1,35.521533,-82.841645,1,1,1,1,1013,15.07
344,Plymouth High,1,0,0,1,35.870311,-76.738687,1,1,1,1,359,13.30
345,Polk County Early College,1,0,0,1,35.265258,-82.185298,1,1,1,1,63,19.38
346,Polk County High School,1,0,0,1,35.265613,-82.185170,1,1,1,1,669,12.39
347,Porter Ridge High School,1,0,0,0,35.090563,-80.573888,1,1,1,1,1591,20.40
348,Princeton High,1,0,0,1,35.468050,-78.157301,1,1,1,1,960,15.19
349,Providence Grove High,1,0,0,1,35.850226,-79.713626,1,1,1,1,824,16.16
350,Providence High,1,0,0,0,35.110344,-80.763887,1,1,1,1,1991,21.02
351,PSRC Early College at RCC,1,0,0,1,34.675854,-79.007431,1,1,1,1,198,17.07
352,Purnell Swett High,1,0,0,1,34.696479,-79.245787,1,1,1,1,1799,18.90
353,Quality Education Academy,1,0,1,1,36.151150,-80.211010,1,1,1,1,478,17.75
354,Queen's Grant Community School,1,0,1,1,35.165880,-80.662061,1,1,1,1,1213,17.45
355,R J Reynolds High,1,0,0,1,36.101630,-80.265309,1,1,1,1,1828,20.19
356,R-S Central High School,1,0,0,1,35.328801,-81.952721,1,1,1,1,885,14.84
357,Raleigh Charter High School,1,0,1,0,35.796050,-78.647481,1,1,1,1,559,13.36
358,Randleman High,1,0,0,1,35.824390,-79.822750,1,1,1,1,957,17.13
359,Randolph Early College High,1,0,0,1,35.672760,-79.828523,1,1,1,1,312,26.00
360,Red Springs High,1,0,0,1,34.822956,-79.185736,1,1,1,1,761,15.50
361,Reid Ross Classical High,1,0,0,1,35.102386,-78.876699,1,1,1,1,320,7.21
362,Reidsville High,1,0,0,1,36.329706,-79.675473,1,1,1,1,785,13.92
363,Reynolds High,1,0,0,1,35.546793,-82.477085,1,1,1,1,1348,17.10
364,Richlands High,1,0,0,0,34.891020,-77.545191,1,1,1,1,1156,17.78
365,Richmond Early College High,1,0,0,1,34.902622,-79.712861,1,1,1,1,214,21.40
366,Richmond Senior High,1,0,0,1,34.956050,-79.704291,1,1,1,0,1436,17.07
367,River Mill Academy,1,0,1,1,36.043910,-79.393922,1,1,1,1,666,18.59
368,Riverside High,1,0,0,1,36.066147,-78.943704,1,1,1,1,1811,14.03
369,Riverside High,1,0,0,1,35.836088,-77.069054,1,1,1,1,561,16.95
370,Roanoke Rapids High,1,0,0,1,36.458870,-77.653810,1,1,1,1,928,16.21
371,Roanoke Valley Early College,1,0,0,1,36.427030,-77.615101,1,1,1,1,183,22.88
372,Robbinsville High,1,0,0,1,35.329376,-83.797033,1,1,1,1,381,12.59
373,Roberson High,1,0,0,1,35.485946,-82.535064,1,1,1,1,1591,16.93
374,Robert B Glenn High School,1,0,0,1,36.067836,-80.113797,1,1,1,1,1640,17.52
375,Robert L. Patton High School,1,0,0,1,35.702947,-81.669989,1,1,1,1,1017,19.06
376,Rockingham Co Early College High,1,0,0,1,36.397037,-79.765214,1,1,1,1,309,24.72
377,Rockingham County High,1,0,0,1,36.385825,-79.740072,1,1,1,1,1082,17.90
378,Rocky Mount High,1,0,0,1,35.939030,-77.834861,1,1,1,1,1280,17.95
379,Rocky Mount Preparatory,1,0,1,1,36.015609,-77.779184,1,1,1,1,1278,22.62
380,Rocky River High,1,0,0,1,35.214252,-80.640044,1,1,1,1,1710,18.99
381,Rolesville High,1,0,0,1,35.906782,-78.442129,0,1,1,1,1200,17.27
382,Ronald W Reagan High School,1,0,0,0,36.170305,-80.365156,1,1,1,1,1818,19.88
383,Rosewood High,1,0,0,1,35.416395,-78.075780,1,1,1,1,541,15.53
384,Rosman High,1,0,0,1,35.143267,-82.820547,1,1,1,1,356,12.12
385,Rowan Co Early College,1,0,0,1,35.641639,-80.477842,1,1,1,1,225,30.00
386,Roxboro Community School,1,0,1,1,36.392617,-78.979302,1,1,1,1,704,14.98
387,Rutherford Early College High School,1,0,0,1,35.358180,-81.924970,1,1,1,1,169,28.17
388,S Granville HS Of Health Life Sciences,1,0,0,0,36.123129,-78.674614,1,1,1,1,455,26.76
389,S Granville HS of Integ Tech & Lead,1,0,0,0,36.122887,-78.674378,1,1,1,1,462,16.80
390,Saint Pauls High,1,0,0,1,34.812200,-78.977300,1,1,1,1,957,15.41
391,Saint Stephens High,1,0,0,1,35.772116,-81.269091,1,1,1,1,1257,17.66
392,Salisbury High,1,0,0,1,35.664761,-80.484917,1,1,1,1,813,14.07
393,Sampson Early College High,1,0,0,1,34.990867,-78.358889,1,1,1,1,246,23.43
394,Sanderson High,1,0,0,0,35.861057,-78.647282,1,1,1,1,2002,18.02
395,SandHoke Early College High,1,0,0,1,34.976560,-79.205471,1,1,1,1,318,28.91
396,School of Inquiry and Life Sciences,1,0,0,0,35.572668,-82.552301,1,1,1,1,299,21.01
397,Scotland Early College High,1,0,0,1,34.743680,-79.480121,1,1,1,1,217,27.13
398,Scotland High School,1,0,0,1,34.778916,-79.477410,1,1,1,1,1581,16.73
399,Seventy-First High,1,0,0,1,35.039171,-79.005464,1,1,1,1,1635,17.05
400,Shelby High,1,0,0,1,35.274469,-81.538391,1,1,1,1,829,12.66
401,Smithfield-Selma High,1,0,0,1,35.529436,-78.323643,1,1,1,1,1249,14.88
402,Smoky Mountain High,1,0,0,1,35.353092,-83.198370,1,1,1,1,839,14.64
403,South Brunswick High,1,0,0,1,34.011259,-78.042734,1,1,1,1,1098,15.45
404,South Caldwell High,1,0,0,1,35.821653,-81.450794,1,1,1,1,1618,15.22
405,South Central High,1,0,0,1,35.541100,-77.428590,1,1,1,1,1628,17.51
406,South Columbus High,1,0,0,1,34.173200,-78.814931,1,1,1,1,785,18.26
407,South Creek High,1,0,0,1,35.856714,-77.243489,1,1,1,1,323,10.68
408,South Davidson High,1,0,0,1,35.672920,-80.104271,1,1,1,1,439,13.97
409,South Iredell High,1,0,0,0,35.717305,-80.909988,1,1,1,1,1505,16.19
410,South Johnston High,1,0,0,1,35.410114,-78.500830,1,1,1,1,1200,15.56
411,South Lenoir High,1,0,0,0,35.145746,-77.704343,1,1,1,1,789,15.80
412,South Mecklenburg High,1,0,0,1,35.109355,-80.860978,1,1,1,1,2913,19.70
413,South Point High,1,0,0,0,35.222923,-81.038678,1,1,1,1,1101,17.84
414,South Robeson High,1,0,0,1,34.545870,-79.242850,1,1,1,1,484,10.80
415,South Rowan High,1,0,0,1,35.573137,-80.609972,1,1,1,1,970,15.93
416,South Stanly High,1,0,0,1,35.230980,-80.163951,1,1,1,1,429,12.73
417,South Stokes High,1,0,0,1,36.326262,-80.240050,1,1,1,1,633,12.23
418,South View High,1,0,0,1,34.978088,-78.926605,1,1,1,1,1782,17.13
419,Southeast Guilford High,1,0,0,1,35.972649,-79.697813,1,1,1,1,1410,16.83
420,Southeast Halifax High,1,0,0,1,36.219311,-77.550876,1,1,1,1,336,12.92
421,Southeast Raleigh High,1,1,0,1,35.745629,-78.604002,1,1,1,1,1538,13.91
422,Southern Guilford High,1,0,0,1,35.951230,-79.854450,1,1,1,1,1128,16.25
423,Southern High,1,0,0,1,36.002210,-79.408610,1,1,1,1,1545,19.31
424,Southern Lee High School,1,0,0,1,35.434888,-79.185529,1,1,1,1,1179,15.53
425,Southern Nash High,1,0,0,1,35.851079,-78.087413,1,1,1,1,1189,18.08
426,Southern School of Energy and Sustainabi,1,0,0,1,35.999879,-78.829051,1,1,1,1,1292,14.32
427,Southern Vance High,1,0,0,1,36.303335,-78.374364,1,1,1,1,834,15.44
428,Southern Wake Academy,1,0,1,0,35.612770,-78.819191,1,1,1,1,306,11.77
429,Southern Wayne High,1,0,0,1,35.253639,-78.045238,1,1,1,1,1120,16.08
430,Southside High,1,0,0,1,35.446222,-77.057229,1,1,1,1,444,13.33
431,SouthWest Edgecombe High,1,0,0,1,35.839930,-77.661290,1,1,1,1,847,16.86
432,Southwest Guilford High,1,0,0,1,36.046697,-79.988828,1,1,1,1,1527,18.10
433,Southwest High,1,0,0,1,34.749220,-77.481951,1,1,1,1,664,15.81
434,Southwestern Randolph High,1,0,0,1,35.626640,-79.868830,1,1,1,1,1117,16.98
435,Spring Creek High,1,0,0,1,35.226763,-77.897801,1,1,1,1,1038,16.74
436,Stanly Early College High,1,0,0,1,35.336450,-80.233681,1,1,1,1,204,26.84
437,Starmount High,1,0,0,1,36.182935,-80.771569,1,1,1,1,631,15.18
438,Statesville High,1,0,0,1,35.792659,-80.892019,1,1,1,1,1029,15.35
439,STEM Early College @ NC A&T SU,1,0,0,0,36.076408,-79.773690,1,1,1,1,150,18.52
440,Stokes Early College,1,0,0,1,36.374090,-80.181451,1,1,1,1,146,17.18
441,Stuart W Cramer High,1,0,0,1,35.246520,-81.063191,1,1,1,1,782,17.13
442,Sun Valley High,1,0,0,1,35.046059,-80.644768,1,1,1,1,1306,17.13
443,Surry Central High,1,0,0,1,36.381762,-80.715175,1,1,1,1,801,17.04
444,Surry Early College,1,0,0,1,36.384890,-80.715421,1,1,1,1,366,34.86
445,Swansboro High,1,0,0,0,34.698222,-77.154440,1,1,1,1,1067,16.29
446,T Wingate Andrews High,1,1,0,1,35.985404,-79.990014,1,1,1,1,871,13.63
447,Tarboro High,1,0,0,1,35.901090,-77.556840,1,1,1,1,589,15.50
448,Terry Sanford High,1,0,0,1,35.065155,-78.915747,1,1,1,1,1266,17.62
449,The Academy at Central,1,0,0,1,35.956190,-80.022440,1,1,1,1,135,10.28
450,The Academy at Smith,1,0,0,1,36.034809,-79.847021,1,1,1,1,224,14.12
451,The Hawbridge School,1,0,1,0,35.946619,-79.318981,1,1,1,1,239,12.08
452,The JP Knapp ECH (i)School,1,0,0,0,36.444450,-76.014171,1,1,1,1,258,34.40
453,The North Carolina Leadership Academy,1,0,1,0,36.046499,-80.112718,0,0,1,1,534,17.45
454,The School for Creative Studies,1,0,0,1,36.072007,-78.822916,0,0,1,1,449,12.90
455,Thomas Jefferson Class Academy,1,0,1,0,35.272252,-81.794303,1,1,1,1,1303,16.22
456,Thomasville High,1,0,0,1,35.900127,-80.076063,1,1,1,1,700,14.81
457,Topsail High,1,0,0,0,34.395709,-77.681587,1,1,1,1,1255,18.91
458,Tri-County Early College High,1,0,0,1,35.067838,-83.965117,1,1,1,1,132,18.86
459,Triad Math and Science Academy,1,0,1,1,36.030140,-79.809571,1,1,1,1,1106,15.40
460,Trinity High,1,0,0,1,35.894008,-79.997579,1,1,1,1,766,17.63
461,Triton High,1,0,0,1,35.338325,-78.664800,1,1,1,1,1308,16.67
462,Tuscola High,1,0,0,1,35.522854,-82.951329,1,1,1,1,1013,14.94
463,Union Academy,4,0,0,1,35.116600,-83.399601,1,1,1,1,114,11.73
464,Union Academy,1,0,1,0,34.991280,-80.579671,1,1,1,1,1412,17.07
465,Union County Early College,1,0,0,1,35.031163,-80.620490,1,1,1,1,343,24.77
466,Union High,1,0,0,1,34.807525,-78.240344,1,1,1,1,560,14.73
467,Union Pines High,1,0,0,0,35.317230,-79.348630,1,1,1,1,1323,19.13
468,Uwharrie Charter Academy,1,0,1,0,35.691832,-79.832822,0,1,1,1,318,15.81
469,Vance Co Early College,1,0,0,1,36.322544,-78.488630,1,1,1,1,229,25.44
470,Vance High,1,0,0,1,35.300403,-80.769214,1,1,1,1,1714,18.81
471,Vernon Malone College and Career Academy,1,0,0,1,35.752260,-78.644081,1,1,1,0,130,12.38
472,Visual and Performing Arts Center,1,0,0,0,35.792807,-80.892153,1,1,1,1,289,25.58
473,Voyager Academy,1,0,1,1,36.045630,-78.896020,1,1,1,1,1350,13.73
474,Wake Early College of Health and Science,1,0,0,0,35.784475,-78.585294,1,1,1,1,309,22.89
475,Wake Forest High School,1,0,0,0,35.985147,-78.515849,1,1,1,1,1953,18.34
476,Wake Young Men's Leadership Academy,1,0,0,1,35.778620,-78.629471,0,1,1,1,247,12.34
477,Wake Young Women's Leadership Academy,1,0,0,0,35.778230,-78.659291,0,1,1,1,281,12.60
478,Wakefield High,1,0,0,0,35.947346,-78.570376,1,1,1,1,2387,18.08
479,Walkertown High,1,0,0,1,36.175050,-80.146841,1,1,1,1,738,17.09
480,Wallace-Rose Hill High,1,0,0,1,34.771222,-77.999705,1,1,1,1,667,17.17
481,Walter M Williams High,1,0,0,1,36.088052,-79.453662,1,1,1,1,1192,18.44
482,Warren County High,1,0,0,1,36.432685,-78.165439,1,1,1,1,415,13.62
483,Warren Early College High,1,0,0,1,36.402469,-78.155132,1,1,1,1,132,18.59
484,Warren New Tech High,1,0,0,1,36.433881,-78.174492,1,1,1,1,202,14.85
485,Washington High,1,0,0,1,35.557454,-77.013522,1,1,1,1,1035,16.06
486,Watauga High,1,0,0,0,36.215934,-81.650459,1,1,1,1,1365,13.41
487,Wayne Early / Middle College High,1,0,0,1,35.405530,-77.944371,1,1,1,1,256,21.33
488,Wayne School of Engineering,1,0,0,0,35.386390,-77.980531,1,1,1,1,449,18.34
489,Weddington High,1,0,0,0,35.004770,-80.725001,1,1,1,1,1342,19.38
490,Weldon High,1,0,0,1,36.411987,-77.611788,1,1,1,1,181,7.54
491,West Bladen High,1,0,0,1,34.639447,-78.741603,1,1,1,1,781,16.98
492,West Brunswick High,1,0,0,1,33.980396,-78.409996,1,1,1,1,1360,15.50
493,West Caldwell High,1,0,0,1,35.886674,-81.591703,1,1,1,1,900,13.99
494,West Carteret High,1,0,0,1,34.737347,-76.785870,1,1,1,1,1215,15.28
495,West Charlotte High,1,0,0,1,35.265904,-80.859596,1,1,1,1,1777,16.20
496,West Columbus High,1,0,0,1,34.328040,-78.924021,1,1,1,1,465,12.74
497,West Craven High,1,0,0,1,35.237470,-77.138291,1,1,1,1,973,14.69
498,West Davidson High,1,0,0,1,35.803349,-80.366349,1,1,1,1,792,17.02
499,West Forsyth High,1,0,0,0,36.063257,-80.386402,1,1,1,1,2177,19.89
500,West Henderson High,1,0,0,0,35.366243,-82.515180,1,1,1,1,1090,16.26
501,West Iredell High,1,0,0,1,35.795296,-80.992185,1,1,1,1,918,16.13
502,West Johnston High,1,0,0,0,35.522969,-78.537151,1,1,1,1,1359,16.22
503,West Lincoln High,1,0,0,1,35.485245,-81.389653,1,1,1,1,919,16.70
504,West Mecklenburg High,1,0,0,1,35.248774,-80.952396,1,1,1,1,2040,18.79
505,West Montgomery High,1,0,0,1,35.296460,-79.961510,1,1,1,1,572,15.26
506,West Rowan High,1,0,0,1,35.699338,-80.643051,1,1,1,1,1089,16.62
507,West Stanly High,1,0,0,1,35.267100,-80.345987,1,1,1,1,816,14.94
508,West Stokes High,1,0,0,0,36.314095,-80.375825,1,1,1,1,977,15.44
509,West Wilkes High,1,0,0,0,36.185682,-81.259651,1,1,1,1,689,15.57
510,Western Alamance High,1,0,0,0,36.153129,-79.498292,1,1,1,1,1233,18.65
511,Western Guilford High,1,0,0,1,36.082130,-79.907670,1,1,1,1,1308,18.77
512,Western Harnett High,1,0,0,1,35.335987,-78.981064,1,1,1,1,1338,17.72
513,Westover High,1,0,0,1,35.084355,-78.992249,1,1,1,1,1133,15.03
514,Wheatmore High,1,0,0,1,35.828920,-80.007711,1,1,1,1,815,16.96
515,White Oak High,1,0,0,0,34.768656,-77.348389,1,1,1,1,1088,17.84
516,Whiteville High,1,0,0,1,34.334558,-78.706792,1,1,1,1,718,14.38
517,Wilkes Central High,1,0,0,1,36.110032,-81.178481,1,1,1,1,865,15.66
518,Wilkes Early College High,1,0,0,1,36.135510,-81.183711,1,1,1,1,243,27.00
519,William Amos Hough High,1,0,0,0,35.467290,-80.827491,1,1,1,1,2453,20.43
520,William G Enloe High,1,1,0,1,35.784794,-78.604683,1,1,1,1,2656,17.01
521,Wilmington Early College High,1,0,0,1,34.322732,-77.878835,1,1,1,1,189,20.88
522,Wilson Early College Academy,1,0,0,1,35.729070,-77.895801,1,1,1,1,253,28.02
523,Winston-Salem Preparatory Acad,1,1,0,1,36.110174,-80.221886,1,1,1,1,425,12.45
524,Woods Charter,1,0,1,0,35.815500,-79.114000,1,1,1,1,509,11.44
525,Yadkin Early College,1,0,0,1,36.147990,-80.673674,1,1,1,1,213,27.99
526,Yadkin Valley Regional Career Academy,1,0,0,1,35.817104,-80.188747,0,1,1,1,132,15.53
